:020000040800F2
:10000000C81A002035020008FB3F0008733A0008B8
:10001000F93F000835210008555100080000000094
:10002000000000000000000000000000514D00082A
:100030008B21000800000000414C0008CD4F000853
:100040004F0200084F0200084F0200084F0200084C
:100050004F0200084F0200088D2100084F020008DF
:10006000A9210008AF210008B5210008552100088A
:100070004F0200084F0200084F0200084F0200081C
:100080004F0200084F0200084F0200084F0200080C
:100090004F0200084F0200084F020008BB21000871
:1000A0004F0200084F0200084F0200084F020008EC
:1000B0004D5000084F0200084F0200084F02000890
:1000C0004F0200084F0200084F0200084F020008CC
:1000D0004F0200084F0200084F0200084F020008BC
:1000E000932100084F0200084F02000800F002F8B8
:1000F00000F090F80AA090E8000C82448344AAF132
:100100000107DA4501D100F085F8AFF2090EBAE82F
:100110000F0013F0010F18BFFB1A43F0010318473B
:100120000C9E00002C9E0000103A24BF78C878C1B5
:10013000FAD8520724BF30C830C144BF04680C60ED
:10014000704700000023002400250026103A28BF35
:1001500078C1FBD8520728BF30C148BF0B60704739
:100160006E2900F0D982702900F02B86662907F0ED
:10017000DA85652907F0D785672907F0D4856129D5
:1001800007F0D38503681B0A28BF41F08001692965
:1001900000F08682642900F08382752900F0808255
:1001A0006F2900F0B885782900F0F785E92900F07B
:1001B0005385E42900F05085F52900F04D85EF299D
:1001C00000F0B585F82900F0F6850368DB0928BF43
:1001D00041F08001632901F09F80732901F0A48020
:1001E000E32901F0AF80F32901F0B48000207047CB
:1001F0001FB500F023FE04000020002106F00EFBD6
:10020000401C60600020002106F0F2FAE0601FBD93
:1002100010B510BD01F038F91146FFF7E9FF05F000
:10022000B3FC01F05FF903B4FFF7F2FF03BC01F088
:10023000A3F900000948804709480047FEE7FEE7A8
:10024000FEE7FEE7FEE7FEE7FEE7FEE7FEE7FEE786
:1002500004480549054A064B70470000495000080C
:10026000ED000008C8140020C81A0020C81600209D
:10027000C81600201CB50C46064B7B44694600900E
:10028000204600F072FC04460020694600F080FC25
:1002900020461CBD130900000FB41CB5084B06AA6C
:1002A0007B4469460090059800F05FFC04460020FE
:1002B000694600F06DFC20461CBC5DF814FB000094
:1002C000ED0800002DE9F05F894604464FF0000A72
:1002D000DFF874B1FB44C0F820A02046E1688847ED
:1002E000002874D0252806D0D4E901219047206A3F
:1002F000401C2062F1E700265F462046E1688847FF
:100300002028054607DB312D05D2781910F8200C7E
:1003100008B10643F1E7B00701D526F00406C4F89A
:100320001CA00027C4F818A02A2D09D0284605F0E3
:10033000ADFA38B304EB8708303DC8F8185019E01F
:1003400059F8041B204604EB87029161E168884755
:10035000012F054618D1E069002820DA26F0200692
:100360001DE0D8F8180000EB800005EB40003038A5
:10037000C8F818002046E1688847054605F086FA67
:100380000028EED1012F0AD02E2D08D12046E16899
:1003900088477F1C0546022F46F02006C4DBA06973
:1003A000002803DA404246F00106A061F00701D0C0
:1003B00026F010066C2D0BD0682D09D04C2D39D0AD
:1003C0006A2D35D0742D35D07A2D33D016E038E033
:1003D000E1682F4620468847B842054609D16C2F70
:1003E00026D04FF48060E1680643204688470546E2
:1003F00004E06C2F1AD04FF4807006430DB3A5F1C2
:100400004100192802D8203546F400664A4629469C
:10041000204626604E46FFF7A3FE80B101280BD090
:10042000F61D26F0070000F1080956E74020E4E732
:100430008020D8E70020D6E706F104094DE72846DA
:1004400052E7206ABDE8F09FA499000040EA01034A
:1004500010B59B070FD1042A0DD310C808C9121F6D
:100460009C42F8D020BA19BA884201D9012010BDA7
:100470004FF0FF3010BD1AB1D30703D0521C07E074
:10048000002010BD10F8013B11F8014B1B1B07D1D8
:1004900010F8013B11F8014B1B1B01D1921EF1D149
:1004A000184610BD032A40F2308010F0030C00F013
:1004B000158011F8013BBCF1020F624498BF11F89E
:1004C00001CB00F8013B38BF11F8013BA2F1040257
:1004D00098BF00F801CB38BF00F8013B11F00303CF
:1004E00000F07A84083AC0F0088051F8043B083ADA
:1004F00051F804CBA0E80810F5E7121D5CBF51F8D5
:10050000043B40F8043BAFF30080D20724BF11F84E
:10051000013B11F801CB48BF11F8012B24BF00F8B3
:10052000013B00F801CB48BF00F8012B70474FF0AA
:1005300000020429C0F0128010F0030C00F01B80B0
:10054000CCF1040CBCF1020F18BF00F8012BA8BFBE
:1005500020F8022BA1EB0C0100F00DB85FEAC17C82
:1005600024BF00F8012B00F8012B48BF00F8012B35
:1005700070474FF0000200B5134694469646203966
:1005800022BFA0E80C50A0E80C50B1F12001BFF44C
:10059000F7AF090728BFA0E80C5048BF0CC05DF8B2
:1005A00004EB890028BF40F8042B08BF704748BF00
:1005B00020F8022B11F0804F18BF00F8012B704774
:1005C00070477047704710B500F03CFC006810BDE4
:1005D00010B5044600F036FC046010BD70B504464A
:1005E00085690068C10601D5302600E02026C007D5
:1005F00007D070BDD4E9012130469047206A401CE5
:1006000020626D1EF6D570BD70B504468569007810
:10061000C00707D170BDD4E9012120209047206A8E
:10062000401C20626D1EF6D570BD09684A0501D5D3
:1006300040B27047C905FCD500B2704709684A0549
:1006400001D5C0B27047C905FCD580B2704770B5FE
:100650000C460546012A05D02878800600D5EA69AF
:10066000002302E0012305E05B1C934202D2E05C20
:100670000028F9D1A869E618C01AA861286A1844A8
:1006800028622846FFF7AAFF04E0D5E9012114F803
:10069000010B9047B442F8D32846FFF7B5FF70BD71
:1006A0002DE9F0410646002410687529314616A54B
:1006B00010D0FFF7BAFF002802DA404213A507E086
:1006C00031688A0701D512A502E0490704D511A5B2
:1006D000012401E0FFF7B2FF00210A2206F12407FE
:1006E00009E0B0FBF2FCB0FBF2F302FB1C0030307F
:1006F00078541846491C0028F3D123462A46304630
:10070000BDE8F04100F0E7BB000000002D00000054
:100710002B0000002000000011680268006A5305E9
:1007200001D508700AE0D30501D5088006E013065C
:1007300003D5C217C1E9000200E00860012070473C
:1007400070472DE9FF4F0C461E464FF0FF378BB028
:10075000D2E90001DDF860800A908A46C1F30A55AB
:1007600005B93D46002108464FF00000BAF1000FE0
:1007700000F4400005DA00EB80004FF4400101EA8C
:1007800050004FEA9059B9F1010F00DDB9460A98BF
:1007900050EA4A000ED044F61050A5F2FF3545430A
:1007A0002F14B8F1000F1ED07542291E1EDDC9F1AD
:1007B00000021CE0B8F1010F4FF0000001D0302121
:1007C00003E0F24305E02154401CB042FBDB30461D
:1007D0000022002121540B99C1F80880C1E90020B2
:1007E0000FB0BDE8F08FBD1B6D1CDEE74A4600DA96
:1007F000694206A800F0B2FD06AB93E8070003AB20
:1008000083E8070050460A9900F0BDFE8DE8070016
:10081000A0F500501F3800900398002D0ADD42F229
:100820001F014A460844002303A90390684601F0CB
:1008300026F909E0A0F500504A461F38002303A915
:100840000390684601F030F98DE807000004000CC1
:1008500003D04FF0FF30410800E01046B8F1000F20
:1008600003D00022009215461EE0751E05D400F04C
:10087000EDFA303262556D1EF9D5B34601220843B8
:1008800002D000227F1C04E02078302801D1002211
:100890007F1E002A099784D01DE0112D07DA00F091
:1008A000D5FA303262556D1C50EA0102F5D1084389
:1008B00002D00098C8B10EE00021681E05E0235C5C
:1008C000625C63542254401E491C8142F7DBAB46F4
:1008D000A81B401E0990002004F80B000B98099AF1
:1008E000C0F80880C0E9002B7AE711264FF0000815
:1008F00057E72DE9F04F88460446D21D22F0070144
:1009000091B0D1E90001CDE90A0104F06AFC024688
:100910000B98C00F01D02D2007E02068810701D57A
:100920002B2002E0202101EAC000032A099001D017
:10093000072A05DB03464146204600F0A3FC0BE1F5
:100940002078800601D5E06900E00620B8F1650F47
:10095000814606D0B8F1660F18D0B8F1670F70D194
:1009600031E00020B9F1110F009001DB112301E00B
:1009700009F101030AAA01A90CA8FFF7E2FEDDE9CB
:100980000C70002609F10105834647E001204B4623
:1009900000904FF000470AAA01A90CA8FFF7D1FE6A
:1009A000DDE90DB00C995D46002610B909F1010092
:1009B0000D18B9EB050003D4C0F1FF3609F10105AC
:1009C000A5EB09002BE0B9F1010F01DA4FF00109A5
:1009D0000020B9F1110F0090484601DD112300E01D
:1009E00003460AAA01A90CA8FFF7ABFEDDE90C70CB
:1009F0004D4600268346207800070AD4AB4500DA2E
:100A00005D4601A8012D04DD411911F8011C3029B2
:100A100007D04F4502DA17F1040F04DA01208246AD
:100A20000FE06D1EEEE7002F02DCED1B3E4403E0FD
:100A3000781CA84200DD7D1CB81B00F1010A4FF0B4
:100A400000472078000703D4AA4501DB4FF0FF3AA6
:100A50000021B7F1004F0DF143088DF8431024D069
:100A600002202B23002F01DA7F422D230A21021EB0
:100A7000A0F1010000DC5FB197FBF1FC97FBF1F204
:100A800001FB1C7C17460CF1300C08F801CDEEE799
:100A9000A8F1010003702188090501D5452100E076
:100AA0006521A0F1010800F8011C09980FA9A1EB2C
:100AB0000807FF1D00B10120411901EBEA70A1698F
:100AC0003844081A401EA0612078C00602D420468F
:100AD000FFF784FD099828B1D4E901219047206AE5
:100AE000401C20622078C00622D52046FFF776FD04
:100AF0001EE0002E04DBB34502DD01A8805D00E0AE
:100B00003020D4E901219047206A401C2062761CE5
:100B1000AAF101005FEA000A0AD100F08FF9C0686B
:100B20000168405CD4E901219047206A401C2062A2
:100B3000281EA5F10105DCDC07E0D4E9012118F845
:100B4000010B9047206A401C2062381EA7F1010764
:100B5000F3DC2046FFF758FD032011B041E600000A
:100B600001694A1C02610878704700B58FB0CDE971
:100B700001310021059105497944CDE90310114661
:100B80006846FFF79FFB0FB000BD0000E5FFFFFFC9
:100B90000A6802F8010B0A60704700002DE9FF5F48
:100BA00015468A460446DFF8AC80F8440027D8E9A9
:100BB00000103E46CDE9001010E03AF816106A46E3
:100BC00002A800F03DFC411C07D02178890603D51E
:100BD000E269391891420DD80744761C20788006C6
:100BE00002D5E069B84205DDAE42E6DB3AF8160010
:100BF0000028E2D1A069C01BA0612046FFF7EEFCEF
:100C0000D8E90010CDE90010002017E03AF81810DC
:100C10006A4602A800F014FCB0F1FF3F81460BD0F9
:100C200000250DF1080B05E0D4E901211BF80500B2
:100C300090476D1C4D45F7D308F10100B042804646
:100C4000E4DB206A384420622046FFF7DDFCBDE883
:100C5000FF9F00006A9100002DE9F0418046D21DFF
:100C600022F007020025D2E90002F52915A614D0CA
:100C7000011E72F1000106DA0023D0EB030063EBE2
:100C8000020211A608E0D8F800108B0701D50FA6C4
:100C900002E0490701D50EA601251146002408F1FE
:100CA000240704E000F0D2F830323A55641C50EAD0
:100CB0000102F7D12B46324621464046BDE8F041BD
:100CC00000F009B9000000002D0000002B0000001A
:100CD0002000000030B4002100F1240408E002F0FC
:100CE0000705D208303542EA4372DB086554491CD7
:100CF00052EA0305F3D10468002310A2250707D5A3
:100D0000A40600D421B1C46901230DA2641EC461EC
:100D100030BC00F0E0B810B5044621461068FFF77B
:100D20008DFC02462046BDE810400023D2E7D21DCC
:100D300022F00701D1E90023CCE700000000000009
:100D400030000000F0B40D460188090502D5214CA1
:100D50007C4402E01F4C7C440E34002100F1240648
:100D600008E002F00F071209E75D42EA03721B096F
:100D70007754491C52EA0307F3D102780023120783
:100D800004D5702D06D009B1022311342246F0BCDF
:100D900000F0A1B801231034F8E770B504460D4601
:100DA00021461068FFF74AFC024629462046BDE866
:100DB00070400023C6E7D21D22F00703D3E90023C9
:100DC000C0E70368126843F0200303600823C3618F
:100DD0000023B7E7CC8F000010B5203AC0F00B809D
:100DE000B1E81850203AA0E81850B1E81850A0E82F
:100DF0001850BFF4F5AF5FEA027C24BFB1E8185089
:100E0000A0E8185044BF18C918C0BDE810405FEAF8
:100E1000827C24BF51F8043B40F8043B08BF704774
:100E2000D20728BF31F8023B48BF11F8012B28BF79
:100E300020F8023B48BF00F8012B7047004870477C
:100E400088140020004870476814002030B5B0F1C5
:100E50000A024FEA900E71F100034EEA817EB0EB78
:100E60000E0061EB91014FEA101E4EEA017E10EB7D
:100E70000E0041EB11114FEA102E4EEA016E10EBFD
:100E80000E0041EB11214FEA104E4EEA014E10EBDD
:100E90000E0041EB1141401841F100014FEAD00032
:100EA00040EA41704FEAD10110EB80054FEA81041E
:100EB00044EA907444EB01046D1944EB0404521BA2
:100EC000A3414FF0000348BF0A3200D530BD401C9B
:100ED00041F1000130BD2DE9F0470D46994692469B
:100EE000044600F124080168880604D5E06921F071
:100EF0001001216000E00120A84201DD471B00E055
:100F00000027A1697A1902EB0900081AA06120786C
:100F1000C00602D42046FFF761FB002608E0D4E9B2
:100F200001211AF806009047206A401C761C2062B6
:100F30004E45F4DB2078C0060AD52046FFF74EFB6D
:100F400006E0D4E9012130209047206A401C20624D
:100F5000381EA7F10107F4DC07E0D4E9012118F8F5
:100F600005009047206A401C2062281EA5F101055B
:100F7000F3DC2046FFF748FB2078000602D502206C
:100F8000BDE8F0870120FBE72DE9F04F04460D4650
:100F9000D21D22F0070089B0D0E9009748463946B3
:100FA00004F01FF90246F80F01D02D2307E0206856
:100FB000810701D52B2302E0202101EAC0038DF82F
:100FC00020300BB1012000E00020032A824601D02E
:100FD000072A04DB2946204600F054F93FE1207837
:100FE000800601D40D2500E0E569C7F30A560D2DF2
:100FF00049DA00214FEA175B08464FF00000002F46
:1010000000F4400007DA00EB80004FF4400100EBF1
:10101000D07001EA60008115012901DD4FF0FF3138
:1010200000224FEA850CBCF1180F06D31346ACF131
:1010300018004FF08052C24003E04FF4801323FAAF
:101040000CF30CF10C0CBCF1200F04D3ACF1200C10
:1010500009FA0CF001E007FA0CF000294FF0004803
:1010600001DD18B90FE00ED140450CD319EB020990
:101070005F4121B9404502D19F4329EA0209BBEBF8
:10108000175F00D0761C2088000502D57B48784485
:1010900002E07A487844193808AA302302F80A3066
:1010A000037C0AF10101002E0AF1020A53546A4638
:1010B00002DC4FF0300101E04FF031014FF0010848
:1010C0008DF8001002D0A6F2FF3603E059EA47017E
:1010D00000D06B4E002D02DC2178090704D54FF0BB
:1010E00002082E218DF80110C44600210BE0C7F341
:1010F00003433F01C35C491C6D1E02F808300529FB
:1011000008F1010801DA002DF1DC00210CE000EB10
:101110001973491C1B786D1E082902F808304FEA24
:10112000091908F1010801DA002DF0DC21688B06AD
:1011300002D516E0A8F10108E04505DD02EB080341
:1011400013F8013C302BF5D0B8F1000F09DD02EBAC
:10115000080313F8013C2E2B03D1090701D4A8F191
:101160000108002D05DD3E2102F808106D1E08F172
:101170000108407C002E02F8080008F1010804DA9A
:101180002D20764202F8080002E02B2002F8080029
:101190000A214FF47A70864208F101080BDB96FBB6
:1011A000F0F3303302F8083096FBF0F308F1010851
:1011B00000FB136601E0642E0CDB642096FBF0F369
:1011C000303302F8083096FBF0F308F1010800FB19
:1011D000136601E00A2E06DB96FBF1F0303002F8D0
:1011E000080008F1010896FBF1F001FB10603030B7
:1011F00002F80800A16908F1010808EB050202EBFA
:101200000A00081AA0612078C00602D42046FFF721
:10121000E5F9216A08AE01EB0A00206204E0D4E996
:10122000012116F8010B9047BAF1010AF7D2207894
:10123000C00602D52046FFF7D1F96E4609E016F840
:10124000010B3E280FD0D4E901219047206A401CB1
:101250002062B8F10108F2D22046FFF7D5F909B0B3
:101260000320BDE8F08F206A2844206203E0D4E91F
:101270000121302090476D1EEBD3F8E7F18D00007F
:1012800002FCFFFF2DE9F0411F46044603260168DA
:10129000072A01F4006004DB08B116A505E016A5D5
:1012A00003E008B115A500E015A521F010002060AD
:1012B000A069C01EA0610FB1401EA0612046FFF7CB
:1012C0008DF94FB1D4E9012138469047206A401C7E
:1012D0002062C01C206206E0206AFAE7D4E90121FE
:1012E00015F8010B9047761EF8D22046FFF78CF9CF
:1012F000BDE8F0814E414E006E616E00494E4600E1
:10130000696E660010B5436913B1AFF3008001E068
:10131000FFF79DF9012010BD127800F124010A7039
:1013200000224A700122EDE711684FF0FF32E9E731
:1013300010B5436913B1AFF3008001E0FFF72EFC55
:10134000012010BD128800F1240182840022C28491
:101350000122EDE711684FF0FF32E9E72DE9F04790
:10136000814616468AB0354878440DC88DE80D0090
:1013700032487844801C03AC0DC884E80D0041F667
:101380009B300844372190FBF1F290FBF1F5A5F179
:10139000800501FB12041B3C02D56442012000E0E1
:1013A0000020DFF898A080460027FA44AAF1BE0A80
:1013B0000EE0E0070AD03246684607EB47010123FA
:1013C0000AEB810100F070FB8DE8070064107F1CC0
:1013D000002CEED1194F7F44AE3F19E0E80715D03D
:1013E00007EB04100DF1180A90E80E008AE80E00D1
:1013F000C068F04201D1981908903246012306A92D
:1014000003A800F051FB03AB83E807006D10641CD8
:10141000002DE3D14FF0010332466946B8F1000FC9
:1014200003A802D000F02BFB01E000F03DFBC9E96E
:101430000001C9F808200AB0BDE8F087A88B0000B9
:1014400070B516460C46054600F044F8036893F85C
:101450000101012806D0FF2C0FD8185D68B10120CA
:101460002C7070BDD3F807013246214603F20713F2
:1014700003442846BDE8704018474FF0FF3070BD68
:1014800000487047681400207546FFF7F9FFAE4624
:1014900005006946534620F00700854618B020B580
:1014A000FEF7D6FEBDE820404FF000064FF00007E3
:1014B0004FF000084FF0000B21F00701AC46ACE8FC
:1014C000C009ACE8C009ACE8C009ACE8C0098D4669
:1014D0007047000010B5FFF7B1FC001D10BD00BF44
:1014E0003D53000010B50446AFF300802046BDE830
:1014F0001040FEF798BE00004FF0013C50F8042B5E
:1015000051F8043B9A4221D1A2EB0C03934313EA16
:10151000CC1317D150F8042B51F8043B9A4215D143
:10152000A2EB0C03934313EACC130BD150F8042B1A
:1015300051F8043B9A4209D1A2EB0C03934313EAFE
:10154000CC13DBD04FF00000704700BFD01A01BAB7
:10155000B1FA81F101F0180122FA01F0CB40C1F19A
:101560002001DBB2C0B2C01A2CFA01F3D11A9143A8
:1015700011EAC311E6D1704701491820ABBEFEE75E
:101580002600020070475FEA400C08BF91F0000F90
:101590004FEA8C234FEAC12243EA51514FEA1C50D3
:1015A00018BF00F5F0404FEA300018BF41F000418D
:1015B0005FEA6C5C00F02980BCF1FF3F08BF40F09F
:1015C00080407047130C06BF12044FF0100C4FF010
:1015D000000C130E04BF12020CF1080C130F04BF11
:1015E00012010CF1040C930F04BF92000CF1020CD9
:1015F000D30F04BF52000CF1010C11464FF0000252
:10160000A0F11F00A0EB0C00704711F0004F08BFC5
:10161000704731F000413FF4D5AF0B0C06BF090411
:101620004FF0100C4FF0000C0B0E04BF09020CF130
:10163000080C0B0F04BF09010CF1040C8B0F04BF45
:1016400089000CF1020CCB0F04BF49000CF1010C16
:10165000CCF12003A0EB0C0022FA03F302FA0CF207
:1016600041EA030100F10100704720F07F4C80EA5D
:10167000030023F07F47ACEB070303F57C5300F036
:10168000004003F1FF032DE980494FEA154B09B4EF
:101690004FEA144325EA0B4E24EA03480FF20426CE
:1016A00006EB132749083E785FEA320203FB066720
:1016B000C7F5000707FB06F64FEA54374FEAD64650
:1016C00006F1020607FB066CCCF1005C4FEA1C47F2
:1016D0002CEA074C07FB06F40CFB06F504EB154659
:1016E0004FEA961634BF00204FF000404FEAD13742
:1016F00006FB07FC4FEA1C4C0CFB0BF7D21B03FB51
:101700000CF761EB07010CFB0EF7B0EB074072EB37
:1017100017420CFB08F734BFA2EB0742B2EB0742BB
:1017200061EB17414FEA0C444FEA910706FB07FCB7
:101730004FEA1C4C0CFB0BF7B0EBC74072EB573277
:1017400003FB0CF734BFA2EBC742B2EBC74261EB1D
:1017500057310CFB0EF7B0EBC70072EB57720CFB66
:1017600008F734BFA2EBC702B2EBC70261EB5771B7
:10177000039F4FEA816141EA921104EBCC044FEAE6
:10178000D1374FEA826206FB07FC42EA90124FEA29
:1017900080604FEA1C4C0CFB0BF7D21B03FB0CF7D1
:1017A00061EB07010CFB0EF7B0EB074072EB174241
:1017B0000CFB08F734BFA2EB0742B2EB074261EB28
:1017C00017414FEA8C554FEA910704EB9C2406FB26
:1017D00007FC4FEA1C4C0CFB0BF7B0EBC74072EB5D
:1017E000573203FB0CF734BFA2EBC742B2EBC74240
:1017F00061EB57310CFB0EF7B0EBC70072EB577281
:101800000CFB08F734BFA2EBC702B2EBC70261EBD7
:10181000577115EB4C254FEA816141EA92114FEA6D
:1018200082624FEAD13742EA901206FB07FC44F18C
:1018300000044FEA80604FEA1C4C0CFB0BF7D21BF4
:1018400003FB0CF761EB07010CFB0EF7B0EB074055
:1018500072EB17420CFB08F734BFA2EB0742B2EB66
:10186000074261EB174115EB1C154FEA813141EA44
:1018700092414FEA823242EA90424FEA80304FEA88
:101880000C7644F1000448EA03434EEA0B484FF05B
:10189000000EB2EB080C71EB030724BF6246394619
:1018A0004EEB0E0E4FF0000B0018524149414BEB2E
:1018B0000B0BB2EB080C71EB03077BF1000B24BFA1
:1018C000624639464EEB0E0E4FF0000B00185241A7
:1018D00049414BEB0B0BB2EB080C71EB03077BF1AF
:1018E000000B24BF624639464EEB0E0E51EA02074A
:1018F00018BF46F0010616EB0E7655F1000254F1C2
:10190000000103D5BDE88901BDE80088BDE8890173
:10191000BDE80048B619524141EB0101A3F10103B2
:10192000704780807F7E7D7C7B7A7978777676754C
:101930007473727171706F6E6E6D6C6C6B6A6A69C4
:101940006868676666656464636362616160605F5E
:101950005F5E5E5D5D5C5C5B5B5A5A5959585857D7
:10196000575656555555545453535252525151503F
:1019700050504F4F4F4E4E4D4D4D4C4C4C4B4B4B92
:101980004A4A4A49494948484847474747464646D8
:101990004545454444444443434343424242424113
:1019A0004141002B9C4630D477002BD01CB54FEA28
:1019B000370703B44FF010004FF01001BAF1000FD9
:1019C00006D0BCF1000FDCBF40F0080040F0080179
:1019D0004FF000000FBCBDE810400BF1010BBBF154
:1019E000010F08BF5FEA170722BF12F1010211F1D0
:1019F00001014FF0004143F1000300F0004043EAD1
:101A000000007047F9D35708D0E746EA064613F1BD
:101A1000400F4FEA16461FDD13F1200FDFBF1643BC
:101A20000A46002120335B42BED0C3F1200746EABC
:101A3000064602FA07F74FEA164646EA0706C3F1DA
:101A4000200722FA03F201FA07F721FA03F14FF017
:101A5000000342EA0702A7E746EA020646EA06460C
:101A60004FEA164646EA0106BCBF46EA0646360C71
:101A70004FF000034FF000024FF0000194E72DE912
:101A8000804C9A46934670B491E8380007C831EA12
:101A9000400C48BF34EA430C03D5FFF7E6FDFFF7DF
:101AA00080FFF0BCBDE8008C2DE9804C9A4693463F
:101AB00070B491E8380007C810F0804F08BF13F0E9
:101AC000804F03D100F005F8FFF76BFFF0BCBDE8D5
:101AD000008C20F07F4780EA030023F07F4C07EB67
:101AE0000C03A3F57C5300F00040A3F1FE0392F039
:101AF000000F00F0B38095F0000F00F077802DE923
:101B000001494FEA11404FEA144621EA004800FB20
:101B100006FC24EA064708FB06F607FB08F800FB6C
:101B200007F718EB06484CEB164C4FEA124B18EB34
:101B300007484FEA15464CEB174022EA0B4E0BFBC9
:101B400006FC25EA06470EFB06F607FB0EFE0BFB1E
:101B500007F71EEB064E4CEB164C4FF000061EEB43
:101B6000074E4CEB174B18EB0B0840F1000018EB3D
:101B70000E0B58EB000840F100008F1A4FF00001E7
:101B80003CBFC943661B14BFB5EB040C00213CBF2E
:101B9000C943F61B4FEA17444EEA8E0E27EA044566
:101BA0004FEA1C4704FB07622CEA074C05FB07F7CA
:101BB0000CFB05F604FB0CFC16EB074642EB174248
:101BC00016EB0C4642EB1C421BEB060658EB0202DE
:101BD000414146EA9E0601D5BDE80189B619524148
:101BE00041EB0101A3F10103BDE801894FEA14456E
:101BF0004FEA114724EA054621EA074C05FB07F4A2
:101C000006FB07F70CFB06F105FB0CFC11EB07418B
:101C100044EB17444FEA124711EB0C4144EB1C44D0
:101C200022EA074C05FB07F206FB07F70CFB06F65A
:101C300005FB0CFC16EB074642EB174216EB0C4675
:101C400042EB1C456A1854F1000148BF7047B619B1
:101C5000524141EB0101A3F10103704795F0000FE0
:101C600037D04FEA11424FEA144721EA024624EAEC
:101C7000074C02FB07F106FB07F70CFB06F402FB1F
:101C80000CFC14EB074441EB17414FEA154714EBEA
:101C90000C4441EB1C4125EA074C02FB07F506FB0F
:101CA00007F70CFB06F602FB0CFC16EB074645EBB0
:101CB000174516EB0C4645EB1C42121951F1000179
:101CC00048BF7047B619524141EB0101A3F101032E
:101CD00070474FEA14454FEA114724EA054621EAC6
:101CE000074C05FB07F106FB07F70CFB06F24FF06C
:101CF000000605FB0CFC12EB074241EB174112EB0F
:101D00000C4251EB1C4148BF7047921841EB010156
:101D1000A3F101037047000070B5044600688168B4
:101D2000C943C90717D1816821F00101816000F022
:101D300095FF05460AE000BF00F090FF401B022817
:101D400004D920688068C043C00706D02068806836
:101D5000C043C007F0D0002070BDA06A40F0100062
:101D6000A062E06A40F00100E062012070BD10B5A1
:101D70000146406A826A12F0500F05D0006A026B79
:101D8000BDE8104008461047816A41F40071816245
:101D900001688968C1F3424107290CD1017B51B91F
:101DA000816A21F480718162816AC90403D4816AE5
:101DB00041F00101816200F0F9FA10BD10B5406AEE
:101DC000816A41F040018162C16A41F00401C1624F
:101DD00000F0FFFA10BD10B5406A00F0F9FA10BD2E
:101DE000F8B500260446009600688168C943C90713
:101DF0002DD0816841F001018160164816490068C4
:101E0000B0FBF1F000E0401E00900028FBD100F094
:101E100025FF054616E000BF00F020FF401B02280A
:101E200010D920688068C043C0070BD0A06A40F07A
:101E30001000A062E06A40F00100E06284F82460D3
:101E40000120F8BD20688068C043C007E4D10020AD
:101E5000F8BD00004C00002040420F0038B50024BF
:101E6000282000F021FD03F017F8712002F0E4FFB4
:101E700003F056F818B9002002F0ACFF044603F056
:101E80002DF8200717D40CA00068009003F004F888
:101E9000702002F0D1FF03F043F850B900246D46E2
:101EA000285D02F0C9FF03F03BF810B9641C032C55
:101EB000F6DB03F013F838BDBE0800002DE9F84347
:101EC00081463AA00024006888462546009002F02A
:101ED000E3FF702002F0B0FF03F022F850B90026B3
:101EE0006F46B85D02F0A8FF03F01AF810B9761C2F
:101EF000032EF6DB02F0F2FF502000F0D5FC02F0DA
:101F0000CBFF712002F098FF03F00AF8E8B9012036
:101F100002F060FF60F30704012002F05BFF60F352
:101F20000F24012002F056FF60F31744012002F055
:101F300051FF60F31F64012002F04CFF60F30705BE
:101F4000002002F047FF60F30F2502F0C7FF2006D4
:101F500029D4260E3009C4F3074100EB0110C4F365
:101F6000072100EB013005F023FD114905F068FD64
:101F70006FF01304214605F03AFFC8F8000030075F
:101F8000000BE9B200EB012000EB152005F010FD7D
:101F9000084905F055FD214605F029FF064905F0E1
:101FA0004DFEC9F80000BDE8F8830000AC33000026
:101FB0000000C842000048430000484210B5142009
:101FC00000F072FC02F0CAF83C21094801F0FCFB69
:101FD000084801F0CDFA084800F0FEF8142000F09F
:101FE00063FC02F01FF9BDE8104003F0C5BD00001E
:101FF00090130020D81300201C1300202DE9F0417D
:10200000404E7078002860D102F0A4FD7062F07834
:10201000022820D102F0FEF83BA1012002F012FEBE
:1020200002F0C0FA02F02AFE4FF08341F160706ABC
:10203000044605F005FD3A49F061884203DC4FF0A3
:102040008741884200DAF1612146F06905F09AFB88
:10205000F0600120F070F06902F086FF314801F075
:102060008DFFF078012830D12E4C00252768B84626
:1020700054F82510404605F0AFFC01D254F82580F5
:1020800054F82510384605F0A7FD01D254F8257004
:102090006D1C802DECDB384605F08CFA224C234B6E
:1020A000224605F09DF904F0CFFB706139464046A9
:1020B00005F0C4FD05F07EFA22461D4B04F0F6FB48
:1020C00004F0C2FB30610020F070B078012807D026
:1020D0003078012812D0F069BDE8F04102F086BAEC
:1020E0007078012805D1F06902F03EFF0D4801F03B
:1020F00045FFF069BDE8F04102F0CABBBDE8F04120
:1021000002F074BC040000202E2E2E2E2E20202043
:102110004155544F2020202E2E2E2E2E2000000020
:1021200000803B49D40600209A9999999999B93F22
:102130009999C93FFEE7000010B5044905F07EFDFE
:10214000BDE81040024905F01DBB00007B14CE3FE6
:102150006666263E014800F097BA00004C13002046
:1021600030B590F840500124AC40C56B6C600468F9
:1021700063604368102B036803D099600068C260F5
:1021800030BD9A600068C16030BD7047012000F02A
:1021900057BC10B54FF4805000F052FCBDE8104021
:1021A0004FF4005000F04CBC042000F049BC082063
:1021B00000F046BC102000F043BC202000F040BCE2
:1021C00003480168486A002200B24A627047000072
:1021D0009013002072B6FEE7F8B50025044600957E
:1021E00090F8240001280BD0012084F82400204618
:1021F000FFF792FD2046FFF7F3FD060002D050E006
:102200000220F8BDA06A20F4885040F00200A062CD
:10221000022000F0C1FD25490968B1FBF0F0400043
:1022200000E0401E00900028FBD12068816841F04A
:102230000801816000F012FD074608E000F00EFD85
:10224000C01B0A2803D920688068000715D42068BD
:1022500080680007F2D42068816841F00401816041
:1022600000F0FCFC074612E000F0F8FCC01B0A2856
:102270000DD920688068400709D5A06A20F00200C7
:1022800040F01000A06284F824500120F8BD2068BE
:1022900080684007E8D4A06A20F0020040F0010006
:1022A000A06284F824503046F8BD00004C000020A5
:1022B000F8B50024009490F824202546012A12D075
:1022C000012280F824204A681F23072A0DD20668BD
:1022D000776B521E02EB820293409F430B68934040
:1022E0001F43776319E00220F8BD06680D2A0AD261
:1022F000376BD21F02EB820293409F430B689340DF
:102300001F43376309E0F76A0D3A02EB82029340FC
:102310009F430B6893401F43F7620A6807230668D0
:102320000A2A0AD3F7680A3A02EB420293409F4313
:102330008B6893401F43F76008E0376902EB420265
:1023400093409F438B6893401F4337610A68102A6C
:1023500001D0112A20D1124B02689A4217D19368FA
:102360001B0219D4936843F4000393600968102991
:1023700012D10C490C4A0968B1FBF2F101EB810161
:10238000490000E0491E00910029FBD104E0816A68
:1023900041F020018162012480F824502046F8BDDC
:1023A000002401404C00002040420F0010B500689E
:1023B0000449884205D1044801F006F90349012087
:1023C000087010BD002401402014002008000020E7
:1023D000704770472DE9F0414FF0000704003D467B
:1023E0007ED0A06A002628B9E66284F824602046E0
:1023F00000F07EF82046FFF78FFCA16AC90600D4E2
:1024000020B1A06A40F01000A06269E0A16A21F446
:10241000885141F00201A1626268E169237B0A43AD
:1024200047EA43010A43A1684FF48077B94209D0D3
:10243000012907D05FF0000194F814C0BCF1010F2E
:1024400002D00AE03946F7E7F3B1A36A43F020036C
:10245000A362E36A43F00103E3622368D3F804C094
:102460002CF4694C4CEA010CC3F804C021688B6859
:10247000DFF870C003EA0C0313438B60A168B94214
:102480000BD0012909D00CE0DFF85CC0A3690CEB8C
:1024900043330B4343F40061DFE7218A0D05A5F5C3
:1024A00080152168CB6A23F470032B43CB6221682B
:1024B00089680E4B1940914208D1E662A16A21F069
:1024C000020141F00101A162BDE8F081A06A20F0A3
:1024D000020040F01000A062E06A40F00100E062FB
:1024E0000120F1E7FDF7E1FF00E0FFFFFE0E1FFF17
:1024F00070B586B0002506460095019502950395B6
:102500000068194988422DD11849886940F4007043
:102510008861886900F400700490886940F00400C4
:1025200088618869694600F00400049002200090E8
:10253000032001900E4800F08FFA0F4C0D48C4E9BB
:1025400000058020C4E90250400020618000C4E9F9
:1025500005052046E56100F041F908B1FFF73AFEB4
:102560003462666206B070BD002401400010024073
:1025700000080140080002404C1300202DE9F047FC
:10258000894604463B4900683B4F0E1D90468842F1
:1025900001D0B84207D1306810F4702F03D0012564
:1025A0002846BDE8F08794F8240001280CD00120CB
:1025B00084F824002046FFF713FC05004FF00000CC
:1025C00004D084F82400EBE70220EAE7A16A40F691
:1025D0000162914341F48071A1622168B94218D12E
:1025E000326812F4702F14D0A16A41F48011A162F4
:1025F0003168490505D5A16A21F4005141F48051A3
:10260000A162A16AC9040AD5E16A21F00601E1626A
:1026100006E0A26A22F48012A2624968E9E7E06259
:1026200084F82400216A15488862216A1448C86227
:10263000216A1448086321686FF00200086020686E
:10264000816841F480718160216843464A464C317B
:10265000206A00F0F1F820688168C1F3424107293F
:10266000816803D041F48011816099E741F4A001B1
:10267000FAE7000000240140002801406F1D000817
:10268000D71D0008BD1D00082DE9F05FC16B0C6867
:1026900001680B68D0F840C0042202FA0CF2494DE0
:1026A000DFF824A1494E4A4FDFF828B1DFF828E1CE
:1026B00022422CD05A072AD50A68920603D40A6807
:1026C00022F004020A600168A94201D1042219E043
:1026D000514501D1402215E0B14202D14FF4806250
:1026E00010E0B94202D14FF480420BE0594502D1CB
:1026F0004FF4802206E0714502D14FF4800201E0E0
:102700004FF080622F4908394A60C16A3BE04FF0C0
:10271000020808FA0CF818EA040F4FF000094FF00D
:10272000010235D05FEA837832D50B689B0605D469
:102730000B6823F00A030B6080F821200168A9428E
:1027400001D1022219E0514501D1202215E0B14208
:1027500002D14FF4007210E0B94202D14FF400529E
:102760000BE0594502D14FF4003206E0714502D129
:102770004FF4001201E04FF00072124908394A602C
:1027800080F82090816A00291AD0BDE8F05F0847E0
:10279000082505FA0CF5254212D01B0710D50B6849
:1027A00023F00E030B6090F84010C36B02FA01F1A6
:1027B0005960826380F8212080F82090016BE2E765
:1027C000BDE8F09F080002401C00024030000240BB
:1027D00044000240580002406C00024030B528B36B
:1027E00008C8134914221944B1FBF2F18900C163EE
:1027F00010498163022141771A6843F6F0718A43D8
:10280000D0E900142143D0E902452C432143046957
:102810002143446921438469214311431960002104
:102820004163012242770177084630BD012030BD67
:10283000F8FFFDBF0000024070B5044690F820008C
:10284000002501280CD0012084F8200094F8216094
:102850000020012E06D084F820000225284670BDF5
:10286000022070BD022684F82160A06320680668FB
:1028700026F0010606602046FFF772FCE06A002899
:102880002068016802D041F00E0106E021F0040149
:1028900001602068016841F00A0101602068016858
:1028A00041F001010160D9E770B5044600F0D6F9A6
:1028B0000546601C02D004480078044400F0CEF9BC
:1028C000401BA042FAD370BD400000202DE9F0412A
:1028D0000027494E494C0546102853D016DC484D78
:1028E000012824D0042839D008280DD101F0B4F9EA
:1028F0000821204600F0A0F90028F9D001F0ACF939
:102900002878D0B300202870BDE8F08120284BD073
:10291000B0F5805F02D0B5F5005FF5D101F0A4F904
:10292000284601F077F9BDE8F04101F09DB901F0CA
:1029300093F90121204600F07FF90028F9D001F039
:102940008BF92878012805D02E48017821B1002183
:102950000170D9E72F70D7E70121F9E701F07CF981
:102960000421204600F068F90028F9D001F074F93C
:10297000307818B100203070C6E701E00120FAE796
:102980000120C0E701F068F91021204600F054F959
:102990000028F9D001F060F91B4902200870377057
:1029A000BDE8F04101F058B901F056F92021204668
:1029B00000F042F90028F9D001F04EF913480178EF
:1029C000491C017001780322B1FBF2F302FB1311E1
:1029D0000170007820B1012804D0022806D109E056
:1029E0000BA100E00EA1012002F02CF9BDE8F0419E
:1029F00001F0D8BD0EA1F6E7050000200008014057
:102A00000600002004000020070000202C00002009
:102A1000576176654E756D20202020202000000033
:102A20005650502020202020202020202000000070
:102A30004D494E2020202020202020202000000072
:102A4000044910B50A68024202D00860FFF73EFF51
:102A500010BD0000140401402DE9F84FDFF8B891D3
:102A60000024A9F1040B23460F2709F1040AABF156
:102A7000040EC9E00125A5402A40AA427DD1674E37
:102A8000D1F804C0ACEB0608B44532D014DCBCF17C
:102A9000030F3AD009DCBCF1000F2AD0BCF1010FC2
:102AA0001CD0BCF1020F31D11DE0BCF1110F17D0C9
:102AB000BCF1120F2AD119E0B8F5881F19D006DC35
:102AC000B8F5803F15D0B8F5801F1FD111E0B8F5DB
:102AD000001F0ED0B8F5041F18D10AE0CB6815E02E
:102AE000CB681B1D12E0CB6808330FE0CB680C33BA
:102AF0000CE08B682BB1012B4FF0080303D045612C
:102B000004E0042302E0056100E00023FF2A01D86D
:102B1000064601E000F104064FEA840501D9A5F15B
:102B20002005D6F8008007FA05FC28EA0C0803FA0D
:102B300005F548EA0508C6F800804D68ED0062D545
:102B4000374DAE6946F00106AE61AD6924F003066B
:102B500005F001050095334D06EB050CDCF8085037
:102B6000A607360F07FA06F825EA0805DFF8B88049
:102B7000404503D14FF0000817E044E0DFF8AC8097
:102B8000404502D14FF001080FE0DFF8A480404536
:102B900002D14FF0020808E0DFF89880404502D1EA
:102BA0004FF0030801E04FF0040808FA06F848EA7D
:102BB0000508CCF808804D68D9F80060ED024D4654
:102BC00001D5164300E096432E604D68DAF80060A8
:102BD000AD02554601D5164300E096432E604D6880
:102BE000DBF80060AD035D4601D5164300E0964377
:102BF0002E604D68DEF80060ED03754601D5164382
:102C000000E096432E60641C0D682A46E5407FF480
:102C100031AFBDE8F88F000008040140000011103A
:102C2000001002400000014000080140000C01407B
:102C300000100140001401408068084000D00120CD
:102C40007047C26821EA02030A4043EA0241016177
:102C500070470AB1016170470904FBE701488068C9
:102C6000704700004000002002488168027811444B
:102C70008160704740000020074810B5016841F0AE
:102C800010010160032000F075F80F2000F006F835
:102C900000F024F8002010BD0020024070B50D4D5A
:102CA00004464FF47A712878B1FBF0F00A490968BC
:102CB000B1FBF0F000F094FB48B9102C07D20022D1
:102CC0002146501E00F036F800206C6070BD0120D7
:102CD00070BD0000400000204C0000200C4808B5EA
:102CE000816941F001018161816901F00101009177
:102CF000C16941F08051C161C06900F0805000900D
:102D00000448416821F0E06141F00071416008BD74
:102D10000010024000000140002809DB00F01F0203
:102D2000012191404009800000F1E020C0F800112D
:102D300070470000F0B40E4B1B680C46C3F302232F
:102D4000C3F10705042D00D90425191D072901D257
:102D5000002300E0DB1E012606FA05F1491E214092
:102D600099409E40761E16403143F0BC02F04DBAA9
:102D70000CED00E0064900F0070208684FF6FF037B
:102D8000184040EA0220034A1043086070470000E0
:102D90000CED00E00000FA0510B501460020234CC0
:102DA000012922D0022939D010291DD16168226859
:102DB000D20119D51E48C1F38342C903805C0AD5EC
:102DC00061681B4AC1F34041921E515C194AB2FB33
:102DD000F1F1484301E0184948436168490203D4CE
:102DE00040000321B0FBF1F010BD226AC2F30121C3
:102DF000012903D1920701D5C80310BD022905D1CD
:102E0000626A920702D549F6404010BD0329FCD101
:102E100021688903F9D54FF2244010BD00F01AF95A
:102E20006168C1F38131491C4900DBE700100240B1
:102E3000549C000800127A0000093D002DE9F84377
:102E400005460078354CC00754D0E0690026C00024
:102E500008D4E06940F08050E061E069012600F0AC
:102E6000805000902E480168C90512D40168804640
:102E700041F480710160FFF7F1FE074605E000BFF5
:102E8000FFF7ECFEC01B642823D8D8F80000C0056B
:102E9000F6D5206A10F4407021D0A98801F4407161
:102EA00081421CD0206A1F49012220F440700A6030
:102EB00000220A602062C00711D0FFF7CFFE07464C
:102EC00041F2883808E000BFFFF7C8FEC11B41454A
:102ED00002D90320BDE8F883206A8007F4D5206A70
:102EE000696820F44070084320621EB1E06920F058
:102EF0008050E0612878800705D56068A96820F4D3
:102F00004040084360602878C00605D56068E968DD
:102F100020F48000084360600020DBE700100240DE
:102F200000700040400442422DE9F0470F46050082
:102F300061D0434E306800F00700B84209D23068D3
:102F400020F0070038433060306800F00700B842D6
:102F500051D128683B4C810712D5400703D56068E2
:102F600040F4E06060602878000703D5606840F4B2
:102F7000605060606068A96820F0F00008436060FD
:102F80002878C00728D06868012810D02168022856
:102F900010D0890700292EDA616821F0030101436E
:102FA0006160FFF75BFE804641F288390DE02168E1
:102FB0008903EFE78901EDE7FFF750FEA0EB080179
:102FC000494502D90320BDE8F0876068696800F0D0
:102FD0000C00B0EB810FEFD1306800F00700B84271
:102FE0000BD9306820F0070038433060306800F0BB
:102FF0000700B84201D00120E5E72878400705D551
:103000006068E96820F4E0600843606028780007A1
:1030100006D56068296920F4605040EAC10060600C
:1030200000F028F86168084AC1F30311515CC840F8
:103030000649086006480068FFF730FE0020C2E736
:103040000020024000100240649C00084C00002058
:10305000440000200448054900684968044AC1F357
:10306000C221515CC84070474C0000200010024053
:10307000749C00080E4A51680E4801F00C03042BA2
:1030800011D0082B0FD10C48C1F38343C903C05C96
:103090000AD55168084AC1F34041921E515C054A65
:1030A0005043B0FBF1F070470449484370470000BB
:1030B0000010024000127A00429C000800093D0006
:1030C0002DE9F84F040070D02078C04DC00749D0DA
:1030D0006868C0F38100012807D06868C0F38100E8
:1030E000022809D16868C00306D52868800339D54D
:1030F00060680028E7D035E06068B0F5803F0BD00D
:1031000010B1B0F5A02F11D0286820F480302860CD
:10311000286820F4802002E0286840F4803028608D
:10312000606890B1FFF79AFD06460AE0286840F40F
:1031300080202860F0E700BFFFF790FD801B642827
:1031400073D828688003F7D50CE0FFF787FD0646A3
:1031500005E000BFFFF782FD801B6428F0D82868D7
:103160008003F7D420789A4E80074FF001094FF082
:10317000000839D5686810F00C0F07D06868C0F3F4
:103180008100022809D16868C00306D42868800736
:1031900014D52069012808D110E02069B0B1C6F823
:1031A0000090FFF75BFD074605E00AE1FFF756FDDB
:1031B000C01B0228C4D828688007F7D52868616931
:1031C00020F0F80040EAC10028600DE0C6F8008059
:1031D000FFF744FD074604E0FFF740FDC01B02284F
:1031E00023D828688007F7D4207800072CD57948A1
:1031F000A169D9B1C0F80090FFF730FD074604E09F
:10320000FFF72CFDC01B02280FD8686A8007F7D58E
:1032100071484FF4FA510068B0FBF1F0009000BF24
:103220000098411E0091FAD20EE080E0C0F80080C4
:10323000FFF714FD074604E0FFF710FDC01B02284E
:1032400075D8686A8007F7D42078400760D5E869A8
:103250000027C00008D4E86940F08050E861E869C0
:10326000012700F0805000905C480168C90513D424
:103270000168834641F480710160FFF7EFFC8246EC
:1032800006E000BFFFF7EAFCA0EB0A0064284ED876
:10329000DBF80000C005F5D5E06801280AD008B1C8
:1032A000052813D0286A20F001002862286A20F03F
:1032B000040002E0286A40F001002862E06841F260
:1032C000883B98B1FFF7CAFC82460BE0286A40F0C1
:1032D00004002862EEE700BFFFF7C0FCA0EB0A0184
:1032E00059455AD8286A8007F6D50CE0FFF7B6FC96
:1032F000824605E0FFF7B2FCA0EB0A0159454CD825
:10330000286A8007F6D41FB1E86920F08050E86190
:10331000E06988B36968C1F38101022944D00228B9
:10332000C6F8608004D0FFF799FC044638E034E02A
:10333000FFF794FC074604E0FFF790FCC01B02284F
:103340002BD828688001F7D4206AB0F5803F05D1DA
:103350006868A16820F4003008436860D4E9080177
:103360000843696821F4741108436860C6F86090E6
:10337000FFF774FC044606E025E000BFFFF76EFC93
:10338000001B022809D828688001F7D51BE000BF80
:10339000FFF764FC001B022802D90320BDE8F88F68
:1033A00028688001F4D40EE00128F7D06868226A0A
:1033B00000F48031914204D1616A00F470108842B7
:1033C00001D00120EAE70020E8E7000000100240F9
:1033D00000004242800442424C0000200070004045
:1033E00010B5401EB0F1807F01D3012010BD4FF019
:1033F000E02460610F21601701F007FF0020A06149
:1034000007202061002010BD7047704770B590F80C
:103410003C20012A26D0012480F83C40022280F87A
:103420003D2003685A689D6822F070060A6832439E
:103430005A600D4B02689A4208D0B2F1804F05D015
:103440000A4B9A4202D00A4B9A4204D1496825F0AD
:1034500080031943916080F83D40002180F83C10C2
:10346000084670BD022070BD002C014000040040E1
:103470000008004010B5040003D094F83D0010B1DE
:1034800007E0012010BD002084F83C00204600F039
:103490001FF8022084F83D00211D206801F0DCFDAA
:1034A000012084F8460084F83E0084F83F0084F848
:1034B000400084F8410084F8420084F8430084F816
:1034C000440084F8450084F83D00002010BD000051
:1034D00008B501681048B1F1804F0BD00F4A9142F6
:1034E00007D1C16941F00201C161C06900F0020069
:1034F000009008BDC16941F00101C161C0690022AD
:1035000000F00100009011461C20FFF713FCBDE8FD
:1035100008401C20FFF700BC0010024000040040DF
:1035200090F83D10012901D001207047022180F858
:103530003D1000680B49884208D0B0F1804F05D09B
:103540000949884202D00949884204D1816801F0C2
:103550000701062903D0016841F001010160002044
:1035600070470000002C01400004004000080040AB
:1035700090F83D10012901D001207047022180F808
:103580003D100168CA6842F00102CA6000680B4938
:10359000884208D0B0F1804F05D00949884202D056
:1035A0000849884204D1816801F00701062903D047
:1035B000016841F00101016000207047002C0140CA
:1035C000000400400008004001680A6A41F211133B
:1035D0001A4207D10A6A9B101A4203D10A6822F0E4
:1035E00001020A60012180F83D100020704770B58B
:1035F000044690F83C000025012817D0012684F8E5
:103600003C60022084F83D002068826822F0770246
:1036100022F47F4282600868502838D00DDC2028D0
:103620004FD005DC90B3102811D14AE0022070BDC4
:10363000302846D040280AD13BE060282FD070289F
:103640000DD0B0F5805F03D0B0F5005F12D001253A
:1036500084F83D60002084F83C00284670BDCB68AB
:10366000D1E90121206801F040FD2068816841F026
:10367000770109E0CB68D1E90121206801F035FD2F
:103680002068816841F480418160E1E719E0CA68FF
:103690004968206801F03BFD5021206806E0CA68B7
:1036A0004968206801F044FD6021206801F027FD91
:1036B000CEE7CA684968206801F029FD40212068EA
:1036C000F4E7226801461046F0E72DE9F0410D4687
:1036D000040003D094F83D0018B108E00120BDE8D3
:1036E000F081002084F83C00204600F041F80220E0
:1036F00084F83D002068816844F2070291438160AC
:10370000211D206801F0A8FC226890689169166A62
:103710002B68AF69034340F20330814341EA07213C
:10372000A868EF6908434FF6FC418843E96840EA1E
:103730000720014328692F6A000140EA0730084347
:1037400069686D6926F0220646EA051529439360EB
:103750002268906154F8460B0162012004F81F09A9
:10376000E0752076E0762077A0750020B7E70000AE
:1037700000B585B00021009101910291039100688C
:103780000E49884217D10E48816941F40061816178
:10379000816901F400610491816941F00401816152
:1037A0008069694600F0040004904FF44070009076
:1037B0000448FFF751F905B000BD0000002C01409E
:1037C000001002400008014070B590F83E600446C9
:1037D00090F83F5090F8423090F84320022021B1F9
:1037E00004290ED0012E1BD114E0012E18D1012B7B
:1037F00016D184F83E0084F842000122002120689E
:1038000020E0012D0CD1012A0AD184F83F0084F870
:10381000430014E0012D03D1012B01D1012A01D075
:10382000012070BD84F83E0084F83F0084F8420017
:1038300084F8430001220021206801F049FC0122A4
:103840000421206801F044FC2068016841F0010176
:103850000160002070BD70472DE9F041044600680A
:10386000C66805694FF00007A90713D5B10711D540
:10387000F91E0161012020772068806980072046B9
:1038800002D0FFF7E8FF04E000F07EF8204600F0E9
:103890007CF82777680716D5700714D521686FF074
:1038A00004000861022020772068806910F4407FBE
:1038B000204602D0FFF7CFFF04E000F065F8204675
:1038C00000F063F82777280715D5300713D521684E
:1038D0006FF008000861042020772068C069800725
:1038E000204602D0FFF7B7FF04E000F04DF8204675
:1038F00000F04BF82777E80616D5F00614D52168B6
:103900006FF010000861082020772068C06910F46B
:10391000407F204602D0FFF79EFF04E000F034F81D
:10392000204600F032F82777E80708D0F00706D0E5
:1039300021686FF001000861204600F027F8280692
:1039400008D5300606D521686FF080000861204652
:10395000FFF75AFD680608D5700606D521686FF096
:1039600040000861204600F083F8A8060AD5B0069A
:1039700008D521686FF0200008612046BDE8F041BD
:10398000FFF743BDBDE8F0817047704770B5006830
:10399000B0F1804F26D1FEF713FC002822D02A492F
:1039A00009782A4C2A4DF1B1012934D0022919D1C4
:1039B00003F089FA22462B4603F0ECFA254C054623
:1039C0000E46206803F0F6FD2A46334603F008FD54
:1039D00002F03AFF20492060884202D21F49884203
:1039E00000DD216070BD03F06EFA22462B4603F025
:1039F000D1FA00221A4B02F059FF1A4D06460C4626
:103A0000286803F0D7FD3246234603F0C3FA02F0DC
:103A10001BFF286070BD03F056FA22462B4603F0C8
:103A2000B9FA114E04460D46306803F0C3FD224634
:103A30002B4602F03BFF02F007FF0C493060884242
:103A4000E8DA316070BD00002C0000209A99999945
:103A50009999C93F18000020333353C03333534082
:103A60000000F03F1C00002014000020CDCCCC3D15
:103A70007047FEE708B505208DF800009DF80000AE
:103A8000411E8DF80010F9D208BD00002DE9F04765
:103A90000020594E044600BF56F8241003F0B6FD2E
:103AA000641CFF2CF8D96FF00708414604F09FF919
:103AB0000024524D8146274656F82400494604F01A
:103AC000BDF845F8340005EBC400641C4760FF2CCA
:103AD000F2D94A494FF4807001F070FF5FF00004A2
:103AE00005EBC4004068014603F0AAFF064655F8FE
:103AF0003400014603F0A4FF314603F087FD03F0D4
:103B000059FD02F04FFE02F09FFE45F83400641CA0
:103B1000FF2CE5D946464146286804F068F901249F
:103B2000C5F8000055F83400314604F060F9012171
:103B300004F05DF945F83400641C802CF2D30124B4
:103B40004FF000084FEA040655F83400414604F0EF
:103B500043F802D255F834802646641C802CF3D3F7
:103B60008020B0EB460F15D9404603F023FD244AD0
:103B7000244B03F00FFA044605EB06100F460068CD
:103B800003F018FD22463B4603F002FB02D203205D
:103B9000BDE8F08706EB46041B4E802C29D2404638
:103BA00003F008FD8A468046B1463246174B03F0C3
:103BB000F1F906460F4655F8340003F0FBFC324697
:103BC0003B4603F0E5FA01D20220E1E740465146C8
:103BD0004A460F4B03F0DEF907460E4655F834000F
:103BE00003F0E8FC3A46334603F0D2FA01D2012052
:103BF000CEE70020CCE70000D4060020D40A002045
:103C0000CDCCCCCCCCCCDC3F9A9999999999C93F31
:103C10009999B93F10B50446FFF720F80D494A6855
:103C2000821A322A11D34860B4F5005F08D0B4F587
:103C3000805F0AD1087803280AD00878401C03E086
:103C4000087818B10878401E087010BD0320FBE703
:103C50000020F9E7300000204FF400510148FEF742
:103C6000F0BF00000010014002210148FEF7E9BF4B
:103C7000000C01403EB500241048009401940294C9
:103C80000D498460016004730475012505614FF4DA
:103C900000214460C161FEF79DFB08B1FEF79AFA6E
:103CA0000095CDE9015469460448FEF701FB002860
:103CB00001D0FEF78FFA3EBD002401401C13002006
:103CC000094808B5416941F001014161406900229C
:103CD00000F00100009011460B20FFF72BF8BDE823
:103CE00008400B20FFF718B8001002402DE9F04102
:103CF00086B000254D480095019502950395816990
:103D000041F010018161816901F010010491816924
:103D100041F020018161816901F0200104918169F4
:103D200041F004018161816901F00401049181691C
:103D300041F00801816180693D4F00F008004FF4B7
:103D400000540490002221463846FEF782FFDFF837
:103D5000E480002203214046FEF77BFF0122C021C0
:103D60004046FEF776FF009401AA0124022682E86D
:103D7000700069463846FEF76FFE3D2000902E48E1
:103D8000CDE9010469462D48FEF766FE032701AA26
:103D9000009782E8700069464046FEF75DFE3803F2
:103DA00000902748CDE9010469464046FEF754FEDD
:103DB000C020009001AA112082E891006946404687
:103DC000FEF74AFE002211460620FEF7B3FF06204A
:103DD000FEF7A2FF002211460820FEF7ABFF0820E5
:103DE000FEF79AFF002211460920FEF7A3FF0920E3
:103DF000FEF792FF002211460A20FEF79BFF0A20E1
:103E0000FEF78AFF002211461720FEF793FF1720C6
:103E1000FEF782FF002211462820FEF78BFF2820A4
:103E2000FEF77AFF06B0BDE8F08100000010024006
:103E300000100140000C014000001110000801407A
:103E40000000211010B58CB024216846FCF791FBCE
:103E500000241648099414490A94C0E900144FF646
:103E6000FF71C0E902410461446184610120CDE930
:103E70000004CDE902040494CDE9054007946946A5
:103E80000A480894FFF721FC08B1FEF7A3F909944A
:103E900009A906480A94FFF7B9FA002801D0FEF7ED
:103EA00099F90CB010BD0000002C014090130020C7
:103EB00010B586B00024164800940194029403942F
:103EC00004944FF080410594016041F61F41C0E920
:103ED00001146321C0E903148461FFF7CBFA08B130
:103EE000FEF778F94FF48050009069460848FFF7D4
:103EF0007EFB08B1FEF76EF9049404A9044805940A
:103F0000FFF784FA002801D0FEF764F906B010BD6F
:103F1000D813002010B586B00024174800940194EF
:103F200002940394049413490594C0E9001440F2E8
:103F30006711C0E9024104618461FFF79BFA08B18F
:103F4000FEF748F94FF48050009069460A48FFF7A1
:103F50004EFB08B1FEF73EF92020CDE9040404A988
:103F60000548FFF753FA002801D0FEF733F906B0F1
:103F700010BD000000040040201400202DE9F0478F
:103F8000174C0546002020714FF4807215491648E1
:103F9000FEF7F4FA1548FFF7C3FA20790028FCD0A1
:103FA000104E134FDFF84C9000244FF0663800BFDE
:103FB00036F8140003F0FCFC394603F0E3FB03F091
:103FC000F9FA42464B4602F0E5FF02F03DFCFEF7EF
:103FD000B3F845F82400641CFF2CE9D9BDE8F0874C
:103FE00004000020D40400201C1300202014002012
:103FF00000F07F4566660A40FEE7FEE71CB5547890
:10400000CDE900431378526800F04CFA1CBD000063
:104010002DE9F84F044617463D481E460D46BC4262
:1040200010D1B5420AD945702E461D4606E02946F4
:1040300020460A9A00F09EFA6D1CEDB2B542F6D900
:10404000BDE8F88FB5420FD1BC420AD9447027466B
:10405000144606E0294620460A9A00F08BFA641CB2
:10406000E4B2BC42F6D9EBE7381B711B002801DD36
:10407000012300E000234FF0FF3202EB43030093E3
:10408000002901DD012300E00023A846002502EB02
:10409000430B002800DA40428146002900DA4942F9
:1040A0008A46D14516DC2FE008F0FF01E0B20A9AFB
:1040B00000F060FA05EB0A0005B2B9EB450F06DC2B
:1040C00008EB0B000FFA80F8A5EB090005B2009889
:1040D000204404B2BC42E7D1B2E700BF08F0FF01C0
:1040E000E0B20A9A00F046FA05EB090005B2BAEB15
:1040F000450F05DC0098204404B2A5EB0A0005B288
:1041000008EB0B000FFA80F8B045E7D198E7000004
:10411000000000202DE9F8411C46079E85188846BE
:104120000746EAB20B460096FFF772FF4444E3B23B
:10413000EAB2E1B238460096FFF76AFF3A46E3B2C8
:10414000414610460096FFF763FFE3B2EAB2E8B2D9
:1041500041460096FFF75CFFBDE8F88110B5AE2040
:1041600000F040F9202000F03DF9102000F03AF96D
:10417000B02000F037F9C82000F034F9002000F03A
:1041800031F9102000F02EF9402000F02BF98120A9
:1041900000F028F9DF2000F025F9A12000F022F935
:1041A000A62000F01FF9A82000F01CF93F2000F025
:1041B00019F9A42000F016F9D32000F013F900201B
:1041C00000F010F9D52000F00DF9F02000F00AF908
:1041D000D92000F007F9222000F004F9DA2000F0DD
:1041E00001F9122000F0FEF8DB2000F0FBF820209F
:1041F00000F0F8F88D2000F0F5F8142000F0F2F847
:1042000000F008F800F0CEF9BDE81040AF2000F053
:10421000E9B800004FF480610148FCF788B900005C
:10422000D10000202DE9F843FFF7F4FF00231D4AD9
:1042300019461846FFF7E2FE4FF00E0834246427B3
:1042400008264FF0000933463A4621464046CDF84D
:104250000090FFF75FFF00F0A5F96420FEF724FB54
:1042600026440125641C761E08EB0500C2B2F3B299
:104270002146C0B2CDF80090FFF7CAFEA80704D1CE
:1042800000F090F90520FEF70FFB6D1CBD42EBDD41
:104290004FF49670FEF708FBFFF7BCFFBDE8F8434C
:1042A00000F080B9749B00083CB51C78059D203A4D
:1042B000CDE900455D68E41D5B78E408544303FBE9
:1042C000045200F0EFF83CBD2DE9F8411E461546BA
:1042D00088460446079F09E033464146204600973A
:1042E000FFF7E2FF70786D1C2044C4B22A78002AE0
:1042F000F2D1BDE8F8812DE9FF4F18785978C01D3B
:10430000C00800254843001D83B01C46174600F036
:10431000FF0A2AE07819814600F04AFF5FEA0008A8
:1043200026D000260AE06168484606FB0A1B424682
:104330005946FCF78BF8F0B1761CF6B2207AB04201
:10434000F1D810980090E368B8F1010F20D0DDE9B2
:1043500003012022FFF7A8FFE06841780398084492
:10436000C0B2039005EB080085B2785D0028D1D17A
:1043700007B0BDE8F08F10992078CDE9000163788F
:10438000DDE903010BF1040200F08CF86178E5E748
:104390007A5DDDE90301FFF787FFE0686D1CADB2D0
:1043A000417803980844C0B20390DEE770B50D462B
:1043B000064600F071FD782000F03EFD00F0B0FDF3
:1043C00058B9002407E0305D00F036FD00F0A8FD8C
:1043D00018B9641CE4B2AC42F5D3BDE8704000F0FB
:1043E0007DBD00000249487002210148FFF7DEBF91
:1043F000020000202DE9FC4180460720CDE90003A2
:1044000001F00704CD08164602FA04F01F46C2B2B6
:1044100023464146284600F089F8002C0CD0601E47
:10442000C0B2CDE90007C4F1080026FA00F2681C0A
:104430000023414600F07AF8BDE8FC812DE9FC43F9
:1044400001F007061446CD089846814601F00701A1
:1044500006EB080204FA01F0099F082A16D9072181
:10446000CDE90017C2B233464946284600F05EF84F
:1044700008EB06000938C0B2CDE90007C6F1080014
:1044800024FA00F2681C0023494607E0521ED1B20C
:10449000CDE90017C2B233464946284600F046F837
:1044A000BDE8FC832DE9FF4F82B01D460F9893466F
:1044B000C70800F0070088460026019018E002981F
:1044C00000240BEB060A00EB06090DE004FB05F0E7
:1044D000109B10F80A2008EBC400C1B209F0FF00DD
:1044E000FFF788FF641CE4B2BC42EFD3761CF6B23F
:1044F000AE42E4D30198002815D005FB07F600244E
:1045000008EBC7070DE010980090311902981BF8CE
:1045100001202044F9B2C0B2019BFFF78FFF641C59
:10452000E4B2AC42EFD306B0BDE8F08FF0B5082896
:10453000DDE9056419D2802917D20CB1D243D2B279
:10454000FF25761C05FA06F6C3F10803084F46EA74
:104550000204DD4007EBC017044B785CB2432C43E8
:10456000AA4320401A7010437854F0BD0000002088
:10457000D100002030B580280ED240290CD201F0A5
:1045800007040123064DA340C90805EBC111002A09
:104590000A5C02D09A430A5430BD1A43FBE700007C
:1045A000D100002070B5104D40200024287005F186
:1045B000810600BF04F1B000C0B2FFF713FF002076
:1045C000FFF710FF1020FFF70DFF06EBC41180224C
:1045D000681CFBF767FF81210348FFF7E7FE641CB7
:1045E000E4B2082CE6D370BD500000202DE9F0475E
:1045F0008146FFF70FFE4F48406A02F0DBFF02469C
:104600000B464DA1012000F01DFB514C4FF000085E
:104610004FEA08052668374654F82510384603F057
:10462000DBF901D254F8257054F82510304603F018
:10463000D3FA01D254F825606D1C802DECDB38468E
:1046400002F0B8FF0022434B02F030F902460B465D
:1046500041A1022000F0F6FA304602F0ABFF002242
:10466000434B02F0BDFE02460B4642A1032000F080
:10467000E9FA3146384603F0E1FA054602F09AFFBE
:104680000022424B02F012F902460B4640A10420E0
:1046900000F0D8FA28464FF0FF3103F0A8FB31466E
:1046A00002F0B4FF064600254FF07E5754F825006F
:1046B000314603F091FA04D23946404602F0A6FF93
:1046C00080466D1C802DF1DB404602F073FF012215
:1046D00003F05FFB6FF0070203F05BFB02460B4643
:1046E00031A1052000F0AEFAFFF7D0F930B1012872
:1046F00006D0022819D0032806D118E033A100E023
:104700003AA1062000F09EFA40A1072000F09AFA94
:10471000484602F04FFF02460B4644A1082000F035
:1047200091FABDE8F047FFF73DBF49A1E9E750A185
:10473000E7E70000040000204672653A2025302E8D
:10474000316C6620202020202020202020202000E6
:10475000D40600200000E03F6D61783A2025302E1D
:10476000336C6620202020202020202020202000C4
:104770000000F03F6D696E3A2025302E336C6620C4
:104780002020202020202020202020000000F83F92
:104790007670703A2025302E336C66202020202041
:1047A0002020202020202000647574793A202530B4
:1047B0002E336C6620202020202020202020202046
:1047C00020202020202020200000000053696E655A
:1047D00020202020202020202020202020202020D9
:1047E0002020202020202020000000005472696139
:1047F0006E67756C617220202020202020202020F0
:104800002020202020202020200000002020202008
:104810002020202020202020202020202020202098
:104820002020202020202020202020004672655FAC
:1048300053616D3A25302E316C66202020202020D7
:1048400020202020202020202020202000000000E8
:104850005371756172652077617665202020202074
:1048600020202020202020202020202020000000A8
:10487000536177746F6F74682077617665202020AC
:104880002020202020202020202020202000000088
:104890002DE9FC5F80464A490020064601F5806408
:1048A00051F8202044F8302004EBC002401C566030
:1048B000FF28F5D943494FF4807001F07FF80025B7
:1048C00004EBC5004068014603F0BAF8074654F807
:1048D0003500014603F0B4F8394602F097FE02F0C5
:1048E00069FE01F05FFF01F0AFFF44F835006D1C79
:1048F000FF2DE5D96FF007073946206803F077FAF6
:104900000125206054F83500394603F070FA012182
:1049100003F06DFA44F835006D1CFF2DF2D9FFF756
:1049200079FC0125A1462849A06803F089F802F026
:1049300041FEDFF898B000225B4601F0E7F8002264
:10494000234B02F05BFC02F091FA87B2404602F082
:1049500031FE04461F488846406A02F02BFECDE92E
:10496000004802460B461CA1012000F06BF9DFF85D
:1049700060A00224B04600BF59F83400124903F089
:104980005FF802F017FE00225B4601F0BFF800223C
:10499000534602F033FC02F069FA86B2F3B2E2B297
:1049A000F9B2E8B2CDF80080FFF732FBA5B2641C83
:1049B0003746802CE0DBBDE8FC5FFFF7F3BD00006D
:1049C000D4060020D40A00200000204100804F407F
:1049D0000000504004000020463D25302E306C661B
:1049E0002046533D25302E306C6600002DE9FC5FDB
:1049F000FFF710FC554DA969E86803F021F801465E
:104A00004FF0864002F0BEFE81464FF0000A4E464F
:104A100054464FF0FF31286903F0E9F9696902F063
:104A2000F5FD4B4F0025009057F82500009902F046
:104A3000D3FF15D207EB850B0099DBF8040002F0D9
:104A4000CBFF0DD2DBF80800009903F0C5F807D2C0
:104A5000DBF80C00009903F0BFF801D22C4602E00D
:104A60006D1C7D2DE0DB3A48384D50F82400696913
:104A700003F0E4F8296902F085FE062103F0B7F996
:104A80004FF0854101F063F80146002001F02AF85B
:104A9000054649464FF0864002F074FE0746204620
:104AA00002F06EFF394602F0B1FD4FF0874101F090
:104AB0004EF802F029FF074641E02548DFF88C80D8
:104AC00050F82400D8F8141003F0B8F8D8F81010F3
:104AD00002F058FE062103F08AF94FF0854101F0FB
:104AE00036F80146002000F0FDFF804601464FF0F9
:104AF000854003F0A3F802F023FFC0B201903046D6
:104B000002F01EFF00F0FF0B29464FF0854003F036
:104B100095F802F015FFC5B2504602F011FF0021D2
:104B20000091C0B25A462946019BFFF771FAB2467E
:104B3000454649465046641C02F068FD0646BC42A4
:104B4000BBDBBDE8FC5FFFF72DBD000004000020CB
:104B5000D40600202DE9F047DFF8D8900025D9F8D9
:104B6000080000F001FA3448FFF708FA334E324CDF
:104B7000002700BF54F8250046F8350006EBC500B5
:104B80006D1C4760FF2DF5D92C494FF4807000F063
:104B900015FF002506EBC5004068014602F050FFF6
:104BA000804656F83500014602F04AFF414602F0C1
:104BB0002DFD02F0FFFC01F0F5FD01F045FE44F88B
:104BC00025006D1CFF2DE5D96FF0070631462068E2
:104BD00003F00DF90125B046C4F8000054F8250093
:104BE000414603F004F9012103F001F944F82500DE
:104BF0006D1CFF2DF2D90125C9F820704E46A9F889
:104C0000065000BF54F82500316A02F0E5FF03D2D8
:104C100054F825003062F5806D1C802DF2D3F088A9
:104C200002F0C6FEB16802F00BFF4146BDE8F04756
:104C300003F0DDB804000020D4060020D40A0020D0
:104C4000704700000FB410B5441EC2B0082C00DD40
:104C5000082446AA01A84599FBF70CFB0020009008
:104C6000E006010E044B01AA0020FFF72DFB42B025
:104C700010BC5DF814FB0000948000082DE9F05F83
:104C80001E4D4FF0814000244642A8611C48DFF8C9
:104C900074B027464FF4000ADFF86C904FF0874855
:104CA000A86023E0FFF756FF0446504506DB314677
:104CB00002F0C4FF20F0004159451BDB2646544555
:104CC00002DAC5F8088011E01049304602F0B8FE5B
:104CD000A860484502DDC5F8089003E0404505DAC4
:104CE000C5F80880FFF736FF044603E038467F1C0E
:104CF0000A28D7DB6C62BDE8F09F000004000020AA
:104D00000000FA48CDCCCC3D00803B490AD7234077
:104D10001FB50020019003904020009001200290D8
:104D200069460248FDF798FE1FBD0000000C0140D7
:104D30001FB5402000901120019001200290032017
:104D4000039069460148FDF787FE1FBD000C014036
:104D50007047000010B50E4C002280212046FDF760
:104D600078FFFFF7E5FF002240212046FDF771FFA5
:104D7000FEF780FE012280212046FDF76AFFFEF744
:104D800079FE20460022BDE810408021FDF761BF7A
:104D9000000C014010B50E4C002280212046FDF78A
:104DA00058FFFFF7C5FF012240212046FDF751FFC4
:104DB000FEF760FE012280212046FDF74AFFFEF744
:104DC00059FE20460022BDE810408021FDF741BF7A
:104DD000000C01402DE9F04107460024FFF798FF41
:104DE000FEF748FE134E0025002280213046FDF7D5
:104DF00030FFFEF73FFE012280213046FDF729FFFC
:104E0000FEF738FE6006040E40213046FDF714FF21
:104E100008B144F001046D1CEDB2082DE4D317B1C4
:104E2000FFF798FF01E0FFF7B5FFFFF781FF20468E
:104E3000BDE8F081000C014070B50546FFF778FF32
:104E4000144E002280213046FDF703FFFEF712FECC
:104E50000024280601D5012200E00022402130462E
:104E6000FDF7F7FE6806050EFEF704FE012280211D
:104E70003046FDF7EEFEFEF7FDFD002280213046B4
:104E8000FDF7E7FEFEF7F6FD641CE4B2082CE0D364
:104E900070BD0000000C014010B5FFF749FF0E4C3B
:104EA000012240212046FDF7D4FE01228021204628
:104EB000FDF7CFFEFEF7DEFD002240212046FDF784
:104EC000C8FEFEF7D7FD002280212046FDF7C1FE77
:104ED000BDE81040FEF7CEBD000C014010B5FFF755
:104EE00027FF0E4C002280212046FDF7B2FE002253
:104EF00040212046FDF7ADFEFEF7BCFD01228021DA
:104F00002046FDF7A6FEFEF7B5FD01224021204612
:104F1000FDF79FFEBDE81040FEF7ACBD000C014060
:104F200070B5104D002280212846FDF792FEFEF755
:104F3000A1FDFFF7EDFE012280212846FDF789FE45
:104F4000FEF798FD40212846FDF776FE0446002234
:104F500080212846FDF77DFEFEF78CFDFFF7E8FE79
:104F6000204670BD000C01402DE9F041804601252E
:104F70001448FEF729FB144E2F04284602F018FDB2
:104F8000414602F05DFD0146304602F0FBFB02F0B7
:104F9000D7FC6D1C0446B842EFD2681E604302F095
:104FA00007FD0146304602F0EDFB01460548641E50
:104FB0000268D462C4600068AD1E85620846BDE820
:104FC000F0810000201400204054894CFDF74CBEB5
:104FD00030B593B028216846FBF7CBFA14210AA814
:104FE000FBF7C7FA002501200F95109511950104D4
:104FF00012958DE8230004904FF4E010CDE90810DD
:10500000022407946846FEF75BF808B172B6FEE723
:105010000AA90F2081E831004FF48060CDE90D0529
:1050200002210AA8FDF780FF08B172B6FEE74FF42F
:10503000004011900F940FA8FDF700FF002801D049
:1050400072B6FEE713B030BD704700000148FEF7AE
:1050500003BC0000D8130020F0B50268194B1A4CAD
:105060001A4D4FF08047984205D0B84203D0A04275
:1050700001D0A84203D122F070064A683243984218
:1050800005D0B84203D0A04201D0A84203D122F4F7
:105090004074CA6822434C6922F0800222430260B5
:1050A0008A68C2620A688262984201D10969016312
:1050B000012141610169C90703D0016921F00101A2
:1050C0000161F0BD002C01400004004000080040D8
:1050D00010B501F01F030121046A99408C4304625A
:1050E000016A9A401143016210BD10B5846842EA1A
:1050F000032224F47F440A432243826010BD826865
:1051000022F070020A4342F007018160704710B537
:10511000036A046A24F001040462846924F0F00440
:1051200044EA021423F00A020A438461026210BDB9
:1051300010B5036A046A24F010040462846923F041
:10514000A00324F4704444EA023243EA011182616C
:10515000016210BDFEE700002DE9F0411E46154634
:105160000F4602F025FC0446384602F021FC0F49A8
:1051700002F066FC214602F005FB02F01BFA0F4626
:10518000044600F0CDFB01F05FFB2860012E01D04A
:10519000002E08D12046394601F0B4FA01F054FB44
:1051A00080F000406860BDE8F0810000DB0FC9407E
:1051B0000078010601D4012070470621B1EB501F91
:1051C00001D1022070470E21B1EB101F01D1032045
:1051D00070471E21B1EBD00F01D104207047002091
:1051E0007047490050EAC12018BF04204A0D18BF7B
:1051F00040F0010040F2FF72B2EB515F08BF40F097
:105200000200012808BF052070470907090E002881
:1052100004DB00F1E02080F80014704700F00F007C
:1052200000F1E02080F8141D704700002DE9F74FD1
:10523000144694B00021C4E902111599079121F098
:105240000045C9498D4206DC1599C4E9000117B033
:105250000020BDE8F08FC549DFF814A3A9423CDD6A
:105260000799C44E0029C44FC44A1599534619DD05
:1052700002F0B6F8554506D0C14AC24B02F0B0F86C
:10528000C4E900010AE04FF0D352BE4B02F0A8F887
:1052900032463B4602F0A4F8C4E9000117B00120F1
:1052A000BDE8F08F01F002FB554506D0B44AB54B7E
:1052B00001F0FCFAC4E900010AE04FF0D352B14B0F
:1052C00001F0F4FA32463B4601F0F0FAC4E900017D
:1052D00017B04FF0FF30BDE8F08FAB49A9421599E8
:1052E00078DB21F0004183468846A84AA84B01F0AC
:1052F00051FE0022A74B01F0D9FA01F087FD099079
:1053000001F0E1FD06460F469C4A534601F042FE7D
:1053100043465A4601F072FF80468A46984A994BA6
:105320003046394601F036FE2A0D01250B924246E1
:10533000534601F063FF032DC4E9000139D00B98F7
:10534000C1F30A51401A05EB45111139814230DA97
:105350009148C346784400EB0510CDF80CA00C90A2
:10536000D0E900233046394601F014FE02460B46D0
:10537000049106905846039902F032F880468A4616
:1053800002460B465846039902F02AF8049B069AF7
:1053900002F026F883460C9803913946D0E902239F
:1053A000304601F0F7FD5A46039B02F019F86D1CD8
:1053B000BDE707980028A2BF099817B0BDE8F08F95
:1053C000616881F000416160099817B04042BDE812
:1053D000F08FFFE784461598C1F31301C0F30A501C
:1053E000A0F2F5304FEA601800F01F06C6F1200069
:1053F000139000200690079041F4801E05206D4612
:1054000076B1664A08EB00017A4452F8213002EB8B
:105410008101B3404A68139922FA01F1194305E06A
:105420005F4908EB0002794451F82210A1FB0E27D6
:10543000A1FB0C131A449A4234BF0123002303EB4F
:10544000070A05EB8003D3E901B70F448F4234BF4D
:105450000121002193448B4411B1934502D903E00B
:10546000934501D2012100E00021C3E901B7514475
:1054700045F82010011EA0F10100C1DC0298059F33
:1054800000F10050800F12900298DDE90356800071
:1054900001F019FD834628460D9101F02BFD6FF0B8
:1054A0001D0202F076FCCDE90E01304601F022FD2E
:1054B0006FF03D0202F06DFC80468A46384601F0EE
:1054C00019FD6FF05D0202F064FC07464246534648
:1054D000119101F0EBF9DDE90E2301F0E7F95A46ED
:1054E0000D9B01F0E3F900250E465A4628460D9B18
:1054F00001F076FFDDE90E2301F072FF42465346CC
:1055000001F06EFF3A46119B01F078FEDFF898A09B
:10551000244A534601F03EFD07468846234A244B61
:105520003146284601F036FD3A46434601F0BEF9C1
:10553000074688464FF0A84253463146284601F0B8
:1055400029FD3A46434601F0B1F9159A12F0004F91
:1055500004D0129A81F0004152421292C4E9000133
:10556000129817B0BDE8F08FFB21E93F7CD90240CB
:10557000FB21F93F7370032E8A19A33B00004054AE
:105580003163621A61B4D03DFB21394183C8C96DD2
:10559000305FE43F0000E03F284A0000A4490000DB
:1055A00086490000182D4454FB21F93D3326A611ED
:1055B000460B113C2DE9FF4D21F0004807460C46F3
:1055C000B8F1795F08DA01F021FC002801BF002062
:1055D000324904B0BDE8F08D3A46234610461946DC
:1055E00001F0D8FC054602462D480E460B46062122
:1055F000784400F05DF82A46334601F0CBFCDDE943
:10560000022382468B463846214601F0C3FC0446FD
:105610000F4652465B462846314601F0BBFC224607
:105620003B4601F0DDFE07468A464FF0FF32284632
:10563000314602F0AEFB1B4A90450ADA3A46534621
:1056400001F0CEFE04B00022BDE8F04D134B01F096
:10565000D5BD154A4245A8BFA8F500154FF0000476
:10566000B8BF124D22462B4601F0BAFE06468846C8
:1056700022462B460020094901F0B2FE04460D46A1
:105680003A4653463046414601F0AAFE04B022464F
:105690002B46BDE8F04D01F0B1BD00000000F03F29
:1056A000544700003333D33F0000E93F0000D23FAE
:1056B0002DE9F0414F1E00EBC7010446D1E900017E
:1056C00015461E4637F006020DD02A46334601F035
:1056D00061FC7F1E04EBC703D3E9002301F0E6F869
:1056E00037F00602F1D1022F25D0042F13D0062F58
:1056F00018BFBDE8F0812A46334601F04BFCD4E9DF
:105700000A2301F0D3F82A46334601F043FCD4E9DA
:10571000082301F0CBF82A46334601F03BFCD4E9DC
:10572000062301F0C3F82A46334601F033FCD4E9DE
:10573000042301F0BBF82A46334601F02BFCD4E9E0
:10574000022301F0B3F82A46334601F023FCD4E9E2
:105750000023BDE8F04101F0A9B800002DE9FF4D9C
:10576000054621F0004084B00C46B0F1795F0BDAB9
:105770002846FFF736FD042808BF00F07FF82846CA
:1057800008B02146BDE8F08D2A460B46104601F0D0
:1057900001FC06460F462A46234601F0FBFB8046E5
:1057A00026488A4632463B4605217844FFF780FF6B
:1057B00083461098029160B3214A224B40465146DD
:1057C00001F0E8FBCDE900015A4640465146029BF4
:1057D00001F0E0FB82468846DDE906014FF0FF322A
:1057E00002F0D7FA5246434601F0FAFD32463B46F4
:1057F00001F0D0FBDDE9062301F0F2FDDDE9002335
:1058000001F0EEFD08B02A462346BDE8F04D01F058
:10581000F5BC0B465A463046394601F0BBFB084AF8
:10582000084B01F043F84246534601F0B3FB08B081
:105830002A462346BDE8F04D01F038B89A460000EC
:10584000495555555555C5BF0022134610460149C7
:1058500001F084B90000F03F012202F09ABA01F091
:1058600025B8002213461046114601F077B940F2E0
:10587000013200204FF0E04102F08BBA024A0020D2
:10588000110702F086BA000001FDFFFF30380A2838
:1058900001D201207047002070472DE9F0470E46E5
:1058A000074614461D4619463046DDF8208002F0B2
:1058B000C7F881462146384602F0C2F8494602F050
:1058C000BDF9C8F800002146304602F0B9F8044698
:1058D0002946384602F0B4F8214601F097FEC8F890
:1058E0000400BDE8F08770B50D461C461146049EC5
:1058F00001F08CFE30602146284601F087FE706082
:1059000070BD70B50D461C461146049E02F096F916
:1059100030602146284602F091F9706070BD0000A9
:1059200000B5244B21F0004287B09A42DCBF002230
:10593000134629DD204B9A4208D140B94FF00100AF
:10594000FAF746FEFFF78DFF07B000BD03DBFFF758
:1059500083FF07B000BD02AAFFF768FC10F0030147
:1059600004BF0DF1080C9CE80F000DD001200129A7
:105970000ED0022914D00DF1080C00909CE80F0005
:10598000FFF7ECFE07B000BDFFF714FE07B000BD47
:105990000DF1080C00909CE80F00FFF7DFFE05E01A
:1059A0000DF1080C9CE80F00FFF704FE07B081F032
:1059B000004100BDFB21E93F0000F07F2DE9F34FDE
:1059C00087B08B460124079900E0641C01EBD1707D
:1059D00041100129F9D10798079D40080346AD1EE3
:1059E0001BE081420FDA0BEBC006D6E90027CDE9B8
:1059F00001270BEBC102D2E9007CC6E9007CDDE99E
:105A00000167C2E900671A4603E0801A02EBD2720E
:105A100052108242F9DD1044491CA942E1DD012007
:105A20005AE000BF01F04FFA02460B4600204FF04B
:105A3000804100F07BF901F0E9F9059000EBD070AE
:105A40004FEA6008012543E0A4EB090001F03BFAAE
:105A500002460B4600204FF0804100F067F90746F0
:105A60000E46681E01F02FFA3A46334601F092FACC
:105A700001F0CCF9069007986E1EA0F1010A24E00F
:105A8000069806EB080781B2012303AA0798FFF7DF
:105A900063FB01A80090DDE903230BEBC707D7E9FF
:105AA0000001FFF7FAFE0097DDE901230BEBC607C3
:105AB000D7E90001FFF725FF0097DDE90123D7E9CA
:105AC0000001FFF710FF059806445645D8DB6D1C12
:105AD0004545B9DD09F101008146A042A2DD09B0CA
:105AE000BDE8F08F70B50C46054601F020FE00F0D1
:105AF0007040B0F1005F07D024F00040C0F1FF40DB
:105B0000C00F04BF204670BD284670BD2DE9F0418E
:105B100014461D4606460F4600F0A9FF00F07040EF
:105B2000B0F1004F0FD0201C18BF0120284320F0F7
:105B30000040C0F17F6000F1E040C00F02BF20468E
:105B40002946BDE8F08130463946BDE8F08170B5A0
:105B50000C46054601F0EBFD00F07040B0F1004F3F
:105B600007D024F00040C0F1FF40C00F04BF204622
:105B700070BD284670BD0000012211460148FDF7A6
:105B800068B80000000C014008B5FDF775F8FFF794
:105B90001FFAFEF7ABF8FEF793F8FEF76BF8FEF787
:105BA000B9F9FEF74FF9FEF783F9FCF757F9FCF75F
:105BB00005FA394D5FF00004FEF72CFB287848B158
:105BC0002878012821D02878022847D0287803286F
:105BD00047D05BE0314B32A200212D200094FEF72C
:105BE00073FB314B31A2142100200094FEF76CFBB3
:105BF0002D4B31A2222100200094FEF765FB3021BD
:105C0000294B31A2002000943EE03249081FFCF7E6
:105C100055F9304E361F306801F0CCFC02460B4679
:105C20002DA13248FAF738FB706801F0C3FC024638
:105C30002E480B462EA13230FAF72EFB314B2B4A61
:105C4000112100200094FEF756FB284A2D4B3232DA
:105C5000252100200094FEF74EFB17E0FCF7CEF95B
:105C600014E0294B29A2002114200094FEF72CFBFC
:105C70000A4B28A21C2114200094FEF725FB074B99
:105C800027A2302114200094FEF71EFBFEF78AFCA9
:105C90000A20FCF709FE8FE730000020088B00087F
:105CA0004D656E750000000010850008313A74657E
:105CB0006D616E6468756D00323A6F7363696C6C08
:105CC0006F73636F70650000333A617574686F724B
:105CD000000000003C000020E5AEA4E6B8A9203A90
:105CE00020252E316620E28483200000D41200207B
:105CF000E6B9BFE5BAA6203A20252E316620252533
:105D000020000000309C00086C9800084175746801
:105D10006F720000636F6465206279207A780000FA
:105D200070636220627920736A0000002DE9F04DF3
:105D30001D460C4698B0174621F0004123F0004361
:105D4000002814BF4FF0010C4FF0000C0CEB440C7A
:105D5000FE4A0CEB02064FEA620C66452BD33E006E
:105D600018BF012606EB45061644F94A964222D38F
:105D7000F84A53EA070C02D0944205D148B918B04A
:105D800000201146BDE8F08D002808BF4FF0000C40
:105D900001D04FF0010C0CEB440212F5001F0AD8A1
:105DA000002F14BF4FF0010C4FF0000C0CEB45021C
:105DB00012F5001F07D918B03A462B462146BDE818
:105DC000F04DFFF74CBD0022DFF88CA3002CB8BFCC
:105DD000534526DADFF884C36345A8BF022220DAE0
:105DE000DFF870C39C451CDCDFF874C30CEB235C4C
:105DF000BCF1140F08DDCCF1340627FA06FC0CFACE
:105E000006F6BE420DD108E05FB9CCF1140623FAC4
:105E100006FC0CFA06F69E4203D10CF00102C2F118
:105E2000020251EA000C19D1002D17DA002C18BF1C
:105E3000022A01D0012A07D00220FAF7C9FB18B0C4
:105E4000BDE8F04DFFF700BD0220FAF7C1FBFFF7F8
:105E5000FBFC18B081F00041BDE8F08DB7F1000CFB
:105E60006CD1534525D104F1804212F5801201BF57
:105E700000280020B74918B008BFBDE8F08DB5482C
:105E8000884207DC002DA1BF6046294618B0BDE856
:105E9000F08D07E0281E05DA80F0004118B060465A
:105EA000BDE8F08DAF497944D1E9000118B0BDE8F3
:105EB000F08DDFF8A0C2634525D1002D1FDA19B19E
:105EC000514512D1D8B909E0002840F0EC82A24A2D
:105ED000214618B062F31E01BDE8F08D0020214676
:105EE00018B060F31E01BDE8F08D08DA18B0234643
:105EF000BDE8F04D02460020614600F02FBE18B00C
:105F00002146BDE8F08D514518DAB5F1804F0DD02E
:105F1000A5F1005CBCF1FF5C10D1B4F1000C0DDB0D
:105F200018B06146BDE8F04D00F03CBC234618B007
:105F30000246BDE8F04D194601F02CB8060024F0E9
:105F4000004C3BD1D9B1514533D1002C06DD002D99
:105F5000A1BF0020514618B0BDE8F08D002C01DD36
:105F6000002D1BDB002C13DA002D11DB012A4FF072
:105F7000000014BF78497C4918B0BDE8F08D022AB2
:105F800018BF002C0AD0012A08D1002C06DA0AE03A
:105F9000002CB8BF002D11DA012A04D0002018B05F
:105FA0000146BDE8F08D18B000204FF00041BDE87B
:105FB000F08DA1F14050B0F17F601AD0012000EBCC
:105FC000E47050EA020421D0624C521E4FF0000BE4
:105FD000104304BF4FF0000B644C654883427CDDE6
:105FE000644A654893421FDD884217DB002D25DB9C
:105FF00037E0002C00DA4AB1022A0CBF01204FF032
:10600000FF3018B0BDE8F04D00F05DBF0120FAF799
:10601000DFFA18B0BDE8F04DFFF723BC4D4A8A42C5
:1060200002DC002D0ADC1CE0814202DA002D18DAC5
:1060300004E0484B994220DD002D12DD0220FAF7E2
:10604000C7FAFFF714FC05460E4600225346584691
:10605000214600F09FFF18B066F31E012846BDE8F8
:10606000F08D0220FAF7B4FAFFF708FC0A46214641
:1060700018B062F31E01BDE8F08D00223046614683
:1060800001F0AEF980460E466FF0010201F081FE8C
:106090004FF05532394B01F0B1F84246334600F02B
:1060A00079FF0022364B01F0A9F88246424633467A
:1060B00004911046194600F06DFF5246049B00F013
:1060C00069FF8A4600904FF0C0422E4B4046314651
:1060D00000F060FF2C4A2B4B00E027E0CDE90601E1
:1060E0005146009800F056FF82460191274A284BFE
:1060F0004046314600F04EFF5246019B01F070F9D8
:1061000082460B4602460591DDE9060100F0CEFB12
:10611000DDE9062300268846304601F061F9524643
:10612000059B01F06BF8024600F07EB90020B1F546
:10613000801F07DA35223046614601F02AFE064606
:106140006FF0340000EB215024E00000FFFF1F003F
:10615000FFFF0F000000F03F0000F07F0000404311
:1061600001FCFFFFCE3E00000000F0FF0000F0BF8A
:106170000000E0410000F043FFFFEF3F5555D53FE1
:106180000000E03F4715F73FFE822B6544DF5DF8D6
:106190000BAE543EA0F2FF300190C1F3130040F06B
:1061A0007F6141F040510291FE498842D8BF0020F2
:1061B00004DDFD498142C8BF012001DD0D9008E0EA
:1061C00000200D900198401C01900298A0F58010CD
:1061D00002900299F54878440B910D9900EBC100AB
:1061E000D0E900230F9330460A920B9901F0F8F89A
:1061F000CDE90601DDE90A2130460F9B00F056FB90
:1062000002460B460020EA4900F0A8FC0591024630
:106210000B460090DDE9060100F0BCFE1490E54855
:106220008A464FF0000878440299006812904FF0B7
:10623000005040EA61010D980F9B01EB804000F592
:10624000002109910A9A129801F0CAF832460B9B74
:1062500000F0D4FF4246534600F09CFE06460291F1
:1062600040465146099B129A00F094FEDDE9062350
:1062700000F0C4FF3246029B01F0B2F8059B009A81
:1062800000F088FE0091149A049053461046194677
:1062900000F080FE06460246C7480B4602910621E2
:1062A0007844FFF705FACDE90510029B3246104607
:1062B000194600F06FFEDDE9053200F06BFE059136
:1062C0000646534640461946149A00F0EFFA009BE2
:1062D000049A00F05FFE3246059B00F0E7FACDE934
:1062E0000510424653461046194600F053FE002260
:1062F000B24B02910A9000F0D9FADDE9053200F0C4
:10630000D5FA0E464246AD4B404601F069F8029B75
:106310000A9A01F065F8DDE9053200F06FFF4246A8
:1063200002910A9033461046514600F033FECDE903
:1063300006015346149A02990A9800F02BFE8A46E9
:106340000290334642460099049800F023FE5346DB
:10635000029A00F0ABFA82460B4602460591DDE94F
:10636000060100F0A3FADDE9062300208846064670
:1063700001F036F85246059B00F040FF8246099135
:106380004FF060428E4B3046414600F003FE0490D1
:1063900006918C4A8A4B5046099900F0FBFD8246D3
:1063A0000291894A894B3046414600F0F3FD52463E
:1063B000029B00F07BFA864B7B440D9A03EBC203F1
:1063C000D3E9002300F072FA0E900791019800F0D3
:1063D0007AFD0591DDE9061382460E9A049800F0D5
:1063E00065FA7C4A7A440D9B02EBC303D3E9002390
:1063F0000093029200F05AFA5246059B00F056FABA
:106400000026884652463046059B00F0E9FF009B77
:10641000029A00F0E5FF069B049A00F0E1FF079B5B
:106420000E9A00F0EBFE024600200B460290384622
:10643000294600F0AFFD824601912B4638461946A9
:10644000029A00F0CDFF3246434600F0A3FD5246CB
:10645000019B00F02BFA07468A46324643462946FE
:10646000029800F097FD05460E463A46534600F066
:106470001DFA594A8846914221DBA8EB020353EAF0
:10648000000210D12A46334600F0AAFFCDE90401EC
:10649000524A534B3846514600F008FADDE90423CE
:1064A00000F076FE21D20220FAF792F8FFF7DFF92A
:1064B0000A46214618B062F31E01BDE8F08D494B33
:1064C00028F000429A4210D3474A08EB020353EAED
:1064D00000027FF4C6AD2A46334600F081FF3A46FB
:1064E000534600F055FE7FF6BCAD0022019228F025
:1064F00000403E493E4A01EB2051824223DA481CCB
:106500004FF4801121FA00F040443A4AC0F30A5196
:106510007A44394BA1F2FF31CB4020EA0303C0F3A8
:10652000130040F48010C1F11401C84012680190BA
:10653000B8F1000FBCBF404201902846314600F040
:106540004FFF05460E462A4633463846514600F070
:10655000ADF94FF000084246284B4046059100F047
:1065600019FDCDE90601264A264B4046059900F063
:1065700011FD009102902A4633464046059900F0ED
:106580002FFF3A46534600F039FE1F4A1F4B00F0DA
:1065900001FD009B029A00F089F9074688460246F1
:1065A0000B4635E08E9803007AB60B00B63A000031
:1065B0000000F03F4E3B00001C3A00000000084085
:1065C00009C7EE3FFD033ADCF5015B14E02F3EBE48
:1065D000F4380000B838000000009040FE822B65BF
:1065E0004715973C00CC904000346F3F01FCFFFF03
:1065F0000000E03F64380000FFFF0F00432EE63F3D
:10660000396CA80C615C20BEEF39FAFE422EE63FE1
:10661000DDE9060100F04AF9DDE9062305460E46EC
:1066200000F0DEFE3A46434600F0E8FD0F462A46FB
:10663000334600901046194600F0ACFC82460246F4
:106640002E4888460B4605217844FFF731F852461C
:10665000434600F09FFC2A46334600F0CFFD8046BB
:106660008A463B4628463146009A00F093FC3B465A
:10667000009A00F01BF90691009000224FF0804331
:106680004046514600F0ACFE0F460C904246534641
:106690002846314600F07EFC3B460C9A00F05EFA3C
:1066A000069B009A00F09CFE2A46334600F098FEB6
:1066B0000022134B00F0A2FD054601980E4601EBA7
:1066C00000510815002810DC28463146019A01F0D7
:1066D00060FBFEF786FD042808BFFFF7CFF82846C9
:1066E0003146019A01F055FB05460B4618B02A4683
:1066F00058462146BDE8F04D00F04CBCA4360000E1
:106700000000F03F00B5254B21F0004287B09A42CF
:1067100003DC0022134600922BE0214B9A4208D161
:1067200040B94FF00100F9F753FFFFF79AF807B0AF
:1067300000BD03DBFFF790F807B000BD02AAFEF72B
:1067400075FD10F003014FF001000DD0012914D0A8
:1067500002291AD00DF1080C9CE80F00FEF72AFF61
:1067600007B081F0004100BD0DF1080C00909CE8DD
:106770000F00FEF7F3FF07B000BD0DF1080C9CE819
:106780000F00FEF717FF07B000BD0DF1080C0090D9
:106790009CE80F00FEF7E2FFE2E70000FB21E93F83
:1067A0000000F07F2DE9F04106460F4600F032FD73
:1067B000041E0D4618BF0120284320F00040C0F100
:1067C0007F6000F1E040C00F0ED0301C18BF0120E8
:1067D000384320F00040C0F17F6000F1E040C00F7E
:1067E00004BF0120F9F7F4FE20462946BDE8F081F8
:1067F00010B500290AD00878002807D00548784449
:10680000FAF77AFE002801D0002010BD0248784433
:1068100010BD00004E3700004637000010B50029BB
:106820000AD00878002807D005487844FAF764FEB3
:10683000002801D0002010BD0248784410BD00009F
:106840003E3700003637000021F00042A2F16052CE
:10685000B2F5801F01F0004328BFD2F17F6C0BD945
:106860005FEA001C43EAC20242EB507018BF704757
:1068700028BF20F001007047B2F5801FBCBF18464A
:1068800070474FEA410C1CF5001F02D2084601F088
:106890009EB970B500F028FC00000089FFF7F6BF34
:1068A0004FF00040A0F580007047000010B591EA5D
:1068B000030F48BF83F0004300F19A85841A71EBFF
:1068C000030C05D2121943EB0C03001B61EB0C0106
:1068D000DFF824E14FEA1154A4EB135C1EEA430FE6
:1068E00018BF9EEA445F73D023EA0E03DCF1200E4A
:1068F00021EA045143F4801332D322FA0CFE10EB48
:106900000E0023FA0CFE41EB0E01CCF1200E03FA2F
:106910000EFE10EB0E0051F10001B1F5801FCCF11D
:10692000200E32D201EB045112FA0EF2BDE81040F3
:1069300058BF7047401C38BF5FEA420218BF70471B
:10694000002814BF20F0010041F100014FEA41038B
:1069500013F5001F38BF7047A1F1C04100F012BC11
:10696000012A43EB0302ACF1200CDCF11F0E32BF15
:106970004FF0000E23FA0CF310EB030041EB04512F
:10698000B4EB115FD0D0A1EB045101F5801149089F
:106990005FEA300001EB04510ED350F1000038BF24
:1069A00012FA0EFE08D1BDE81040C9E7401C38BFFE
:1069B0005FEA4202CAD1C3E7BDE810404FEA410393
:1069C00013F5001F38BF7047A1F1C04100F0DABBDA
:1069D0009EEA445F08D011EA5E0FBDE8104004BF94
:1069E00001F0004100207047BDE8104070B500F094
:1069F0007BFB00BF64FBBE3E0000E0FF02494FF09E
:106A0000000001F094B900BF0000F87F51EA030CC8
:106A100017D41CF5801F58BFBCF5801F00F10680FD
:106A2000994218BF704708BF9042704707D711F5C9
:106A3000801F58BF13F5801F26D4994270478942A2
:106A400070471CF5801F08D5BCF5801FF7D58B4219
:106A500018BF704708BF824270474FF4001C1CEB00
:106A6000410F38BF1CEB430F0ED28B42704770B5FD
:106A7000FFF7CCFFEFF3008020F0104038BF40F06C
:106A8000004080F3008870BDBDE8704070B500F034
:106A90002BFB00BF0000000900F053B84FF040404E
:106AA00010F1004FEFF30080704751EA030C17D448
:106AB0001CF5801F58BFBCF5801F00F1068099426D
:106AC00018BF704708BF9042704707D711F5801F65
:106AD00058BF13F5801F26D49942704789427047EA
:106AE0001CF5801F08D5BCF5801FF7D58B4218BF59
:106AF000704708BF824270474FF4001C1CEB410FE7
:106B000038BF1CEB430F0ED28B42704770B5FFF7B6
:106B1000CCFFEFF3008020F0104038BF40F0004081
:106B200080F3008870BD00F0DFFA00BF00000009AC
:106B300000F007B84FF0404010F1004FEFF3008035
:106B40007047491058BFC1F140415B1058BFC3F1B5
:106B500040438B42EFF30080704700002DE9C041B5
:106B600030B4DFF8A0C23CEA111418BF3CEA131499
:106B700000F0EC8081EA03051CEA111444EAD574A4
:106B800018BF1CEA131500F0C780A4EB05044FF0F2
:106B9000004545EAC12145EAC32341EA505143EA91
:106BA000525304F17F74994204F500344FEAC02037
:106BB0004FEAC22208BF904200F09C804FEA136562
:106BC0000FF24016765D4FEA134506FB05F7C7F155
:106BD000807706FB07F74FEAD737A7FB03687642B3
:106BE000C8F58038A7FB06CE38BFA8F1010807FB1F
:106BF00008E64FF0000EA6FB028CE6FB03CEDCF1AC
:106C0000000CCEF1004E38BFAEF1010EA6FB0C58C1
:106C10004FF000074FF00005E6FB0E87A1FB08C60A
:106C2000A0FB07CE16EB0E0645F10005E1FB07655C
:106C300015F1E04E7EBFA4F580345FEA46066D4153
:106C400016F1800745F100054FEA17274FEA06665F
:106C500047EA0567A6F1DE46B6F1805F4FEA1525E3
:106C60001FD9384624F0010C05EBC471BCF1FE6F4E
:106C700001EB0C1102D8F0BCBDE8008124425CBFDE
:106C800001F5801E9EEAC47F02D4F0BCBDE80081FD
:106C9000244238D4F0BCA1F1C041BDE8004100F06D
:106CA00071BA4FEAD22242EA43524FEAD323A7FBFA
:106CB00002864FEAD02040EA415007FB03661EEAF5
:106CC0000E0F4FEAD12105FB026658BFA6EB005616
:106CD000B6EB00564FEA520E4EEAC37E18EB0E0E8C
:106CE00056EB530EBDD518EB02085E417F1C55F1E3
:106CF0000005B6E74FF480154FF000074FF000068F
:106D00004FF00008ADE7F0BC4FF0000001F1C041CA
:106D100001F00041BDE8008111EA0C1F0CEA1315D7
:106D200000D00CE013EA0C1F00F025804FF00000AB
:106D3000F0BC81EA030101F00041BDE80081F0BC34
:106D4000BDE8004181EA030100F01CBAF0BCBDE8D7
:106D5000004170B500F0C8F9097EFC3E00F007B8AC
:106D600081EA03014FF0000001F00041704781EA21
:106D7000030100F007BAF0BCBDE800414FF000008D
:106D800021497047FFFDFBF9F7F5F4F2F0EEEDEB6A
:106D9000E9E8E6E4E3E1E0DEDDDBDAD8D7D5D4D319
:106DA000D1D0CFCDCCCBCAC8C7C6C5C4C2C1C0BF65
:106DB000BEBDBCBBBAB9B8B7B6B5B4B3B2B1B0AF6B
:106DC000AEADACABAAA9A8A8A7A6A5A4A3A3A2A14F
:106DD000A09F9F9E9D9C9C9B9A999998979796950A
:106DE00095949393929191908F8F8E8E8D8C8C8BA6
:106DF0008B8A89898888878786858584848383822E
:106E0000828181800000FF070000F87F4FEA410384
:106E10004FEA5353A3F58063D3F11E03C8BFD3F1E8
:106E2000210C0CDD4FF0004242EAC12242EA5052EE
:106E300032FA03FC8CEAE17CACEBE1707047102B7A
:106E4000C4BF0020704703F5787CBCF1FF3F04D03D
:106E50006FF0004282EA2100704770B500F044F9FB
:106E60004992248000207047F2E700004FEA115356
:106E7000A3F58063D3F11E03A8BFD3F1200C08DB78
:106E80004FF0004242EAC12252EA505232FA03F075
:106E9000704709420BD4102BC4BF0020704703F584
:106EA000787CBCF1FF3F05D04FF0FF3070474FF0CA
:106EB0000000704770B500F017F900BF49922480B8
:106EC00000207047F0E710F0004248BF4042B0FA9F
:106ED00080F310FA03F10AD0C3F11D0303F58063B8
:106EE0004FEA415002EB035202EBD12170474FF0C1
:106EF00000007047B0FA80F310FA03F10AD0C3F132
:106F00001D0303F580634FEA41504FEA035202EB41
:106F1000D12170474FF000007047000051EA030C88
:106F200017D41CF5801F58BFBCF5801F00F10680E8
:106F3000994218BF704708BF9042704707D711F5B4
:106F4000801F58BF13F5801F19D49942704789429A
:106F500070471CF5801F08D5BCF5801FF7D58B4204
:106F600018BF704708BF824270474FF4001C1CEBEB
:106F7000410F38BF1CEB430F01D28B42704770B5F5
:106F800000F0B2F8922449004FF000514FF08053C6
:106F9000FFF7D7BDDFF848C170B51CEA111E1EBF50
:106FA0001CEA13159EEA0C0F95EA0C0F00F06F8097
:106FB00081EA030423EA4C134EEAD47E21EA4C1101
:106FC00041F4801143F48013AE44A1FB024CA0FBBA
:106FD0000365AEF17F7E361955EB0C05A1FB034C22
:106FE0004CF10003A0FB021C16EB0C06654153F1AB
:106FF0000003094218BF46F0010613F4007F0BD1CD
:107000004FEA03314FEA0530340341EA155140EAB3
:1070100016506FF003020AE04FEAC3214FEAC52081
:10702000F40241EA555140EA56506FF0020202EB79
:107030002E4201EB025585EACE710AD05FEA440C7C
:1070400018BF24F0004450F1000041F1000120EA93
:10705000D47040F2FE7C624500D270BDA84214BFDD
:107060004FF080444FF04044002E08BF0024BEF192
:10707000806FA8BFA1F1C041BDE8704080F282805E
:107080004FF0000001F1C04101F0004170479EEA5D
:107090000C0F0CEA131518BF95EA0C0F06D04FF031
:1070A000000081EA030E0EF0004170BD00F01CF8F4
:1070B0008900013E00F007B800F009B84FEA430C20
:1070C0005FEA5C5C08D081EA030100F05BB84FEA3C
:1070D000410C5FEA5C5CF6D14FF00000014970475B
:1070E0000000FF070000F87F0EF1020E2EF0030EE5
:1070F0005EF8046B364205D4012A43EB030515F50F
:10710000001F12D8012841EB010C1CF5001F0CD800
:107110000ED14FEAD17C15F5001F0CEB4C0C0CF195
:10712000020C08BF4CEBD37C04E04FF0080C01E0EC
:107130004FEAD37C0CEB4C0526FA05F606F0070661
:10714000B6F1040C06D20EEB860CBDE870404CF094
:10715000010C6047DFE80CF0090B02024FF0004120
:107160004FF00000A1F5002170BD1946104601281E
:1071700051EB010418BFD4F5001484BF002001F0C6
:10718000004170BD0808A0F500114FEA31017047B9
:1071900053EA010C17D41CF5801F58BFBCF5801FA3
:1071A00000F106808B4218BF704708BF82427047CB
:1071B00007D713F5801F58BF11F5801F19D48B42D4
:1071C00070479B4270471CF5801F08D5BCF5801F97
:1071D000F7D5994218BF704708BF904270474FF4E7
:1071E000001C1CEB430F38BF1CEB410F01D299422E
:1071F00070470FB40CBC03BCFFF7C1BE91EA030F8C
:1072000010B581F000413FF559AB83F0004300F029
:10721000EFB800002DE9F04101F5801CBCF5001F1E
:10722000C0F2C3804FEA115C21EA0C510CF1FD0C55
:1072300041F480115FEA5C0C0CF5C07C01D3400086
:1072400049413DA4890241EA905187028E0E0A0C01
:10725000A45D04FB04F602FB06F6C6F14046A4FB5F
:107260000662F60D46EA422606FB06F4A4FB01235D
:107270005242C3F1404338BF5B1EA6FB02420024CA
:10728000E6FB0324D20B42EA4446A6FB0623A1FBFD
:1072900002E2A3FB07E4A4184FF0000252F100023F
:1072A000E3FB01426442C2F1404E38BFAEF1010E31
:1072B000A6FB04234FF00002E6FB0E32A2FB0346BE
:1072C0004FF00004B61954F10004E2FB0264A1FB84
:1072D00006E6A4FB07E816EB08064FF0000858F195
:1072E0000008E4FB01687642C8F1405838BFA8F1B5
:1072F0000108A2FB06E4A3FB08E52D194FF00004EA
:1073000054F10004E2FB0854A1FB05E6A7FB04E8E6
:1073100018EB06084FF0000656F10006E1FB048664
:1073200018F1200556F10006A809A8F11B08B109BB
:1073300008F03F08B8F10A0F40EA86601CD901EB5B
:107340000C51BDE8F08100BFFCF5EEE8E2DDD8D3DA
:10735000CFCBC7C3C0BDB9B6B4B1AEACA9A7A5A3C6
:10736000A19F9D9B9A9896959392908F8D8C8B89D7
:107370008887868584838281A0FB006800FB01F2F8
:1073800008EB4208B8EB872807D5341858EB0104FE
:10739000D5D5401C51F10001D1E7341A78EB010436
:1073A000CDD4401E71F10001C9E75FEA4C0C5FEAE1
:1073B0009C5C0DD105D34FF0000001F00041BDE809
:1073C000F081BDE8F04170B5FFF78EFE6DDBFFBECA
:1073D000BDE8F0414FF00000004970470000F87F21
:1073E00010B591EA030F48BF83F000433FF566AA4A
:1073F000841A71EB030C07D212198CF0004C43EB8A
:107400000C03001B61EB0C01DFF8A4E14FEA1154FF
:10741000A4EB135C1EEA430F18BF9EEA445F00F022
:10742000B08023EA6E03524221EA0451C3EB6E039B
:1074300038BF5B1EDCF1200E25D322FA0CFE10EBC8
:107440000E0043FA0CFE41EB0E01CCF1200E03FAC4
:107450000EFE10EB0E0051F10001CCF1200E29D4EC
:1074600012FA0EF201EB0451BDE8104058BF70470C
:10747000401C1CBFB2F1004F704700280CBF491CD4
:1074800020F00100704712EB020E43EB030218BF1D
:107490004FF0010E4EEA4202ACF1200CDCF11E0E60
:1074A00054D943FA0CFE10EB0E0051F1FF31CCF130
:1074B0001E0ED5D50EF1010E12FA0EFE404141EB23
:1074C000010101EB445C5FEA5C5C10D910EBDE70FB
:1074D00001EB045138BFBEF1004FBDE8104018BFAA
:1074E000704700280CBF491C20F00100704730D2C3
:1074F0004FEAD42C11F5001124F400641BD0B1FA2A
:1075000081F20B3AA41AA41ED2F12003914030FA62
:1075100003F31943904001EBCC71002C01EB0451B3
:10752000BDE81040A8BF704701F1C0414FF0000016
:1075300001F000417047B0FA80F310FA03F100D176
:1075400010BDE41A173C4805C90AE4E701EB0451F1
:1075500010BD491001EB0451BDE810404FEA300066
:1075600002E04FF0000170474A0008BF0042F8D027
:10757000B2F5001F28BF704701F000414FF0000036
:1075800070479EEA445F07D011EA5E0FBDE81040E5
:1075900004BF002100207047BDE8104070B5FFF720
:1075A000A3FD00BF40DFF63E83F000411046704768
:1075B0000000E0FF43004FEAD30C4FEA3C0C43408D
:1075C0001FBF40070CF1605113F0FE4F70471CF0D5
:1075D000006F03D100200CF0004170470CF0004315
:1075E00043EA507010B540EACC0000F0AAFA00BFA0
:1075F000000000924FEA0001FFF7C4BD4FF00041C8
:107600004FF00000A1F500217047000090EA010F43
:1076100048BF81F0004100F11883421A3CBF801A34
:1076200089184FEAD0524FF07F4C1CEA410FA2EB71
:10763000D15318BF9CEA026F00F03B804FF0004C22
:107640004CEA00204CEA012121FA03FC10EB0C0C5F
:107650001ED202F1FF325FEA1C2040EBC25038BF5D
:1076600070471CF07F0F4FEA400C18BFBCF17F4FF2
:1076700038BF7047C3F12003994008BF20F00100D4
:10768000BCF17F4F38BF7047A0F1C04000F09FBAF7
:107690004FEA3C00000A40EBC25028BF1CF0FF0F2D
:1076A0004FEA400CE6D018BFBCF17F4F38BF70479F
:1076B000EAE79CEA026F05D010EA5C0F08BF00F011
:1076C0000040704710B500F03CFA00BF64FBBE3EBE
:1076D000014800F02CBB00BF0000C07F50EA010C45
:1076E00000F113801CF5000F58BFBCF5000F01D44A
:1076F0008842704707D710F5000F58BF11F5000FEB
:1077000022D488427047894270471CF5000F04D587
:10771000BCF5000FF7D5814270474FF0807C1CEB21
:10772000400F38BF1CEB410F0ED28142704710B59D
:10773000FFF7D4FFEFF3008020F0104038BF40F097
:10774000004080F3008810BDBDE8104010B500F087
:10775000F8F900BF0000000900F007B84FF0404002
:1077600010F1004FEFF300807047401058BFC0F198
:107770004040491058BFC1F140418142EFF30080C1
:10778000704700004FF47F0C1CEAD0121EBF1CEAA9
:10779000D11392EA0C0F93EA0C0F00F0858090EA67
:1077A000010F48BF42F4807240F4000C41F4000025
:1077B0002CF07F4120F07F4000B58142A2EB030214
:1077C0000FF2081CACEB504EC0F100009EF800E038
:1077D0004FEA4E0E00FB0EFC38BF49004FEA2C1C4E
:1077E00002F5FA020CFB0EF34FEACE1E4FEA112C03
:1077F0004FEAC1210EEB635E42EB22420EFB0CFC12
:107800004FEA1C5300FB03114FEA112C4FEA0131E0
:107810000EFB0CFC4FEADC4C00FB0C11C14228BFF4
:1078200009184CEB03335DF804EB10EB410143EB1B
:10783000C250B2F57C0F38BF704729D512F0F00F57
:107840001CBF00F1C04000F00040704700818283FF
:107850008485868788898B8C8D8E8F91929395965F
:1078600097999A9C9D9FA0A2A3A5A7A8AAACAEB0E9
:10787000B2B3B5B7B9BCBEC0C2C5C7C9CCCED1D4EE
:10788000D7D9DCDFE2E6E9ECF0F3F7FAFE0000001E
:107890004FEA400C0CF1807CBCF17E4F28BF704752
:1078A000B0F1C04000F093B990EA010F0CEAD11397
:1078B00048BF42F48072624538BF634507D213F473
:1078C0007F0F16D080EA010000F00040704710B52D
:1078D00000F037F9097EFC3E00F005B880EA0100AF
:1078E00000F00040704780EA010000F0004000F026
:1078F0006EB912F47F0F04BF0248704780EA01009E
:1079000000F065B90000C07F41000B0ED3F19E026C
:1079100008D950F400034FEA032323FA02F048BFCA
:107920004042704710B500F00CF900BF4992248026
:10793000002070476FF0004282EA2000704700008C
:10794000C10DD1F19E0206DB4FEA002343F0004354
:1079500023FA02F07047004207D54FEA4001B1F127
:10796000FE4F02D24FF00000704710B500F0E9F86A
:1079700049922480002070476FEA20007047000081
:1079800010F0004148BF4042B0FA80F310FA03F211
:10799000C3F19D030BD051EAC35101EB12205306F2
:1079A00038BF704700F1010008BF20F001007047A8
:1079B000B0FA80F310FA03F2C3F19D030AD0D9059F
:1079C00001EB1220530638BF704700F1010008BFD9
:1079D00020F001007047000050EA010C00F1138014
:1079E0001CF5000F58BFBCF5000F01D4884270474A
:1079F00007D710F5000F58BF11F5000F15D48842B6
:107A00007047894270471CF5000F04D5BCF5000F84
:107A1000F7D5814270474FF0807C1CEB400F38BF98
:107A20001CEB410F01D28142704710B500F089F87C
:107A3000922449004FF000504FF08051FFF795BE5F
:107A40004FF47F0C1CEAD0121EBF1CEAD11392EA3D
:107A50000C0F93EA0C0F00F0478090EA010F48BF2B
:107A600042F480724FF0004C4CEA00204CEA0121B5
:107A700002EB0302A0FB0113A2F50002002918BFCC
:107A800043F001035B0028BF4FEA330342EB22427D
:107A90005FEA132C4CEBC2502EBFBCEB436FB2F528
:107AA0007C0F70474FEA036CBCF1004F08BF20F019
:107AB0000100B2F57C0F38BF70470BD582F0FF0292
:107AC00012F5803FC8BF704700F1C040D8BF00F03A
:107AD0000040704700F5000C5FEA4C0C48BF70474F
:107AE000B0F1C04000F073B890EA010F0CEAD11376
:107AF00048BF42F48072624538BF634504D280EAD1
:107B0000010000F00040704710B500F01AF800BF07
:107B10008900013E00F007B800F009B85FEA410CA7
:107B20005FEA1C6C08D080EA010000F050B85FEA00
:107B3000400C5FEA1C6CF6D14FF00040A0F58000CD
:107B400070470EF1020E2EF0030E5EF8044B244235
:107B500004D44FEA4102B2F17F4F11D84FEA4003FB
:107B6000B3F17F4F0CD80ED14FEAD07CB2F17F4FEA
:107B70000CEB4C0C0CF1020C08BF4CEBD17C04E07C
:107B80004FF0080C01E04FEAD17C0CEB4C0324FAD7
:107B900003F404F00704B4F1040C06D20EEB840CD9
:107BA000BDE810404CF0010C6047DFE80CF007081E
:107BB00002024FF00040A0F5800010BD08464200D0
:107BC00018BFD2F1807288BF00F0004010BDFF21C5
:107BD00041EAD050C005704751EA000C00F1138013
:107BE0001CF5000F58BFBCF5000F01D4814270474F
:107BF00007D711F5000F58BF10F5000F15D48142BB
:107C00007047894270471CF5000F04D5BCF5000F82
:107C1000F7D5884270474FF0807C1CEB410F38BF8E
:107C20001CEB400F01D28842704780EA010081EAD4
:107C3000000180EA0100FFF7F8BE000090EA010FA2
:107C400048BF81F000413FF5E8AC421A04D882F009
:107C50000042A0EB020011444FEAD0524FF07F4C9B
:107C60001CEA410FA2EBD15318BF9CEA026F4AD025
:107C70004FF0004C4CEA00204CEA012121FA03FCB1
:107C8000B0EB0C0C0FD412F0FE0F36D05FEA4C00B4
:107C90001DD5001240EBC25038BF70471CF03F0F9B
:107CA00018BF70470BE0A2F101025FEA1C2040EB15
:107CB000C25038BF70471CF07F0F18BF7047C3F128
:107CC0002003994014BF401E20F001007047800837
:107CD0004FEA122308BF7047B0FA80FCA2EB0C02F7
:107CE000CCF1280C60FA0CF093EA122F04BF00EBE1
:107CF000C25070474FEAC3707047130A5FEADC1046
:107D000008BF7047F6E79CEA026F04D010EA5C0FE8
:107D100008BF0020704710B5FFF713FF40DFF63EA5
:107D200081F000407047F8F7E4BDF9F72DB90CF089
:107D30000F03092B08BF082000F07F800A2B0BD00F
:107D4000082B18BF704708BF1CF0400F0AD04FF037
:107D500000004FF0000170471CF0400F18BF4FF0BB
:107D6000004070471CF0100F08D020F0704300F066
:107D70007F4242EAD3014FEA4370704700F060400F
:107D800021F07F4242EA000201F07F4040EA727037
:107D900070474FF0FF0C4CF4E06C1CEA11531CBF11
:107DA0009CEA030C9445C2BFDA4201EB02517047D2
:107DB000002B0DD0BCF1000F0FD0002A01F00041C4
:107DC000A4BF41F0E04141F07F614FF000007047F7
:107DD00001F000414FF00000704750EA01334FF0CE
:107DE0009B0C18BF4CF0806C7EF408AE70474FF0CF
:107DF000FF0212EAD0521CBF92F0FF038B42C2BFB7
:107E0000D14200EBC1507047002A0AD0002B0BD0A2
:107E1000002900F00040A4BF40F0FE4040F4000004
:107E2000704700F00040704743024FF00B0C18BF42
:107E30004CF0806C7FF44CAC70471CF4801F11D068
:107E40001CF4E02F03D06FEACC31490070474FF0AB
:107E50004050EFF3008222F0704242EA000282F3C7
:107E6000008870474FF000007047000000000000DD
:107E70000000002F000000000700070000147F141E
:107E80007F1400242A7F2A1200626408132300361C
:107E90004955225000000503000000001C2241004B
:107EA000000041221C000014083E08140008083E8F
:107EB0000808000000A0600000080808080800008A
:107EC00060600000002010080402003E5149453E59
:107ED0000000427F40000042615149460021414577
:107EE0004B31001814127F10002745454539003CDE
:107EF0004A494930000171090503003649494936AC
:107F000000064949291E000036360000000056369A
:107F1000000000081422410000141414141400007E
:107F20004122140800020151090600324959513E0C
:107F3000007C1211127C007F49494936003E4141C4
:107F40004122007F4141221C007F49494941007F75
:107F500009090901003E4149497A007F0808087F64
:107F60000000417F4100002040413F01007F081494
:107F70002241007F40404040007F020C027F007F92
:107F80000408107F003E4141413E007F0909090677
:107F9000003E4151215E007F0919294600464949AA
:107FA00049310001017F0101003F4040403F001F77
:107FB0002040201F003F4038403F006314081463F6
:107FC00000070870080700615149454300007F41E0
:107FD000410000552A552A55000041417F00000408
:107FE0000201020400404040404000000102040041
:107FF000002054545478007F4844443800384444A6
:10800000442000384444487F003854545418000831
:108010007E0901020018A4A4A47C007F080404784F
:108020000000447D4000004080847D00007F1028D7
:1080300044000000417F4000007C04180478007C6C
:108040000804047800384444443800FC24242418EC
:108050000018242418FC007C080404080048545428
:10806000542000043F444020003C4040207C001C41
:108070002040201C003C4030403C00442810284454
:10808000001CA0A0A07C004464544C44141414149C
:1080900014140000080600006A7E000800000000BA
:1080A00000000000000000000000FC0000000000D4
:1080B00002000000000C020C0200000000000000A2
:1080C00090D0BCD0BC900003000300001824FE44F4
:1080D0008C000302070201001824D8B04C80000372
:1080E00000010201C038E438E0000102020102028E
:1080F000080600000000000000000000000000F87A
:108100000402000000010204000204F80000000460
:10811000020100009060F860900000000100000083
:108120002020FC20200000000100000000000000D2
:108130000000080600000000202020202000000091
:10814000000000000000000000000002000000002D
:108150000080601C0200040300000000F804040416
:10816000F8000102020201000008FC000000000209
:1081700003020000188444241800030202020200D3
:1081800008042424D80001020202010040B088FC47
:1081900080000000000302003C242424C4000102EB
:1081A00002020100F824242CC00001020202010096
:1081B0000C04E41C0400000003000000D824242464
:1081C000D80001020202010038444444F8000003D0
:1081D0000202010000001000000000000200000088
:1081E0000000200000000000060000000020508871
:1081F00004020000000001029090909090000000A6
:10820000000000000002048850200002010000006D
:108210001804C4241800000002000000F804E494CC
:10822000F80001020202020000E09CF0800002035C
:108230000000030204FC2424D8000203020201000F
:10824000F80404040C0001020202010004FC04040E
:10825000F80002030202010004FC24740C00020373
:108260000202030004FC24740C000203020000005C
:10827000F0080444CC4000010202010004FC20206C
:10828000FC040203000003020404FC0404000202D4
:1082900003020200000404FC0404060404030000BA
:1082A00004FC24D00C0402030200030204FC0400BA
:1082B0000000020302020203FC3CC03CFC0003007D
:1082C0000300030004FC30C4FC04020302000300AA
:1082D000F8040404F80001020202010004FC242452
:1082E0001800020302000000F8848404F800010270
:1082F0000207050004FC2464980002030200030244
:10830000182424448C000302020201000C04FC0423
:108310000C0000020302000004FC0000FC04000149
:1083200002020100047C80E01C0400000300000045
:108330001CE03CE01C00000300030000049C609C67
:108340000400020300030200041CE01C04000002FD
:10835000030200000C84641C0400020302020300F8
:108360000000FE020200000007040400000E30C0FE
:108370000000000000010200000202FE00000004F4
:1083800004070000000402040000000000000000D8
:1083900000000000000008080808080800000200AB
:1083A00000000000000000000040A0A0C00000018C
:1083B0000202030204FC2020C000000302020100AC
:1083C00000C02020600000010202020000C0202442
:1083D000FC0000010202030200C0A0A0C0000001D6
:1083E000020202000020F82424040002030202001A
:1083F0000040A0A0602000070A0A0A0404FC202014
:10840000C0000203020003020020E400000000029A
:1084100003020000000020E4000008080807000034
:1084200004FC80E020200203020003020404FC009C
:108430000000020203020200E020E020C00003006E
:108440000300030020E02020C0000203020003021A
:1084500000C02020C00000010202010020E0202016
:10846000C000080F0A02010000C02020E000000147
:10847000020A0F0820E04020200002030200000052
:108480000060A0A020000002020203000020F820EB
:10849000000000000102020020E00020E0000001D6
:1084A0000202030220E0208060200000030100009F
:1084B0006080E080600000030003000020608060B6
:1084C000200002030003020020E020806020080852
:1084D000070100000020A06020000002030202004B
:1084E000000020DE0200000000070400000000FF82
:1084F00000000000000F00000002DE200000000469
:108500000700000002010204040200000000000055
:108510000C0600009C800008000000000000000025
:108520000000000000000000000000F80000000053
:10853000000000333000000000100C06100C060094
:10854000000000000000000040C07840C0784000FB
:10855000043F04043F040400007088FC083000005D
:10856000001820FF211E0000F008F000E0180000B5
:1085700000211C031E211E0000F00888700000006E
:108580001E2123241927211010160E0000000000C0
:108590000000000000000000000000E018040200DD
:1085A000000000071820400000020418E00000004E
:1085B0000040201807000000404080F0804040004C
:1085C0000202010F01020200000000F000000000A2
:1085D0000101011F01010100000000000000000076
:1085E00080B07000000000000000000000000000EB
:1085F0000001010101010101000000000000000074
:10860000003030000000000000000000806018040E
:10861000006018060100000000E010080810E000EB
:10862000000F102020100F00001010F800000000B4
:108630000020203F202000000070080808887000FB
:10864000003028242221300000300888884830007B
:108650000018202020110E000000C02010F800009B
:1086600000070424243F240000F808888808080034
:108670000019212020110E0000E010888818000049
:10868000000F112020110E0000380808C83808001B
:108690000000003F0000000000708808088870009B
:1086A000001C222121221C0000E010080810E0001C
:1086B0000000312222110F00000000C0C0000000A5
:1086C00000000030300000000000008000000000CA
:1086D00000008060000000000000804020100800C2
:1086E000000102040810200040404040404040008B
:1086F0000404040404040400000810204080000066
:108700000020100804020100007048080808F0006A
:108710000000003036010000C030C828E810E0003A
:108720000718272423140B000000C038E0000000C5
:10873000203C23020227382008F88888887000002F
:10874000203F202020110E00C03008080808380003
:10875000071820202010080008F808080810E0007A
:10876000203F202020100F0008F88888E80810001B
:10877000203F20202320180008F88888E8081000EF
:10878000203F200003000000C03008080838000027
:1087900007182020221E020008F808000008F80828
:1087A000203F210101213F20000808F808080000AF
:1087B0000020203F2020000000000808F8080800E2
:1087C000C08080807F00000008F888C0281808005A
:1087D000203F20012638200008F808000000000093
:1087E000203F20202020300008F8F800F8F808008A
:1087F000203F003F003F200008F830C00008F80884
:10880000203F200007183F00E01008080810E00093
:108810000F10202020100F0008F808080808F000AA
:10882000203F210101010000E01008080810E000CD
:108830000F18242438504F0008F888888888700062
:10884000203F2000030C3020007088080808380002
:108850000038202121221C00180808F808081800F8
:108860000000203F2000000008F808000008F80879
:10887000001F202020201F000878880000C838082A
:10888000000007380E010000F80800F80008F800A2
:10889000033C0700073C030008186880806818083C
:1088A00020302C03032C30200838C800C8380800BA
:1088B0000000203F2000000010080808C838080009
:1088C0002038262120201800000000FE02020200AD
:1088D0000000007F40404000000C30C0000000005D
:1088E000000000010638C00000020202FE00000085
:1088F000004040407F00000000000402020204002B
:108900000000000000000000000000000000000067
:10891000808080808080808000020204000000004F
:108920000000000000000000000080808080000047
:108930000019242222223F2008F800808000000035
:10894000003F112020110E000000008080800000F8
:10895000000E112020201100000000808088F80007
:10896000000E112020103F20000080808080000039
:10897000001F222222221300008080F0888888189D
:108980000020203F202000000000808080808000A8
:10899000006B94949493600008F80080808000003D
:1089A000203F210000203F20008098980000000018
:1089B0000020203F20200000000000809898000048
:1089C00000C08080807F000008F800008080800068
:1089D000203F24022D302000000808F8000000008D
:1089E0000020203F20200000808080808080800048
:1089F000203F20003F20003F8080008080800000DA
:108A0000203F210000203F20000080808080000067
:108A1000001F202020201F00808000808000000098
:108A200080FFA12020110E000000008080808000C7
:108A3000000E112020A0FF808080800080808000B8
:108A400020203F21200001000000808080808000E5
:108A50000033242424241900008080E0808000005A
:108A60000000001F202000008080000000808000A7
:108A7000001F202020103F20808080000080808008
:108A800000010E3008060100808000800080808098
:108A90000F300C030C300F000080800080808000BD
:108AA0000020312E0E3120008080800000808080E8
:108AB00080818E7018060100008080808080800098
:108AC0000021302C2221300000000000807C0202B6
:108AD00000000000003F404000000000FF000000D8
:108AE00000000000FF0000000002027C8000000087
:108AF0000040403F000000000006010102020404A3
:108B000000000000000000001008000018850008A8
:108B10000000000000000000000000000000000055
:108B20000000000000000000000000000000000045
:108B3000000000000000000000F0F0F00000000065
:108B40000000000000017F010000000000000000A4
:108B5000001C1C1C0000000000008060301C8C60A9
:108B6000301C0C00000000000000000000000000AD
:108B7000000000000000000000000000000000E015
:108B80000000000000E000000086E69F86868686E2
:108B9000E69F860000011F01010101011F01010084
:108BA000000080C06020F820E0C000000000030743
:108BB0000C18FF70E18100000000070F10107F10FB
:108BC0000F0700008060206080000000E0200000AF
:108BD0000F3020309F70DC371030C0000000100EC6
:108BE00003000718101807000000C02020E0C00094
:108BF0000000000080E01F38E88703C43C04000048
:108C0000070F1810100B070D1010080000808C4C77
:108C1000380000000000000000000000000000001C
:108C20000000000000000000000000000000000044
:108C300000000000000080E0300804000000000098
:108C400000FEFF0100000000000000000000030F14
:108C50001820400000040830E08000000000000000
:108C60000000000001FFFE0000000000004020188E
:108C70000F03000000000000000000000000C00022
:108C800000000000004266663C18FF183C66664221
:108C900000000000000003000000000000000000D1
:108CA0000000800000000000001010101010FF10E5
:108CB0001010101000000000000003000000000071
:108CC00000000000000000000000000000000000A4
:108CD000000000000000000000808C4C3800000004
:108CE0000000000000000000000000000000000084
:108CF00000101010101010101010100000000000D4
:108D00000000000000000000000000000000000063
:108D10000000000000000000000000000000000053
:108D200000001C1C1C0000000000000000000000EF
:108D300000000000E0380C000000000080701C0300
:108D4000000000000060380E01000000000000007C
:108D5000000080C060202060C080000000FEFF0195
:108D60000000000001FFFE000001070E181010189F
:108D70000E0701000000808080C0E00000000000BD
:108D80000000000000FFFF000000000000001010C5
:108D9000101F1F10101000000080402020202060B5
:108DA000C080000000030300804020381F0700003F
:108DB000001C1A1918181818181F00000080C0206D
:108DC000202060C080000000000303001010182F56
:108DD000E780000000070F10101010180F070000A8
:108DE000000000000000C0E0F000000000C0B088FB
:108DF000868180FFFF808000000000000010101FAF
:108E00001F1010000000E0606060606060600000A3
:108E100000003F1008080818F0E0000000070B10E1
:108E20001010101C0F030000000080C04020202004
:108E3000E0C0000000FCFF211008080818F0E00066
:108E40000001070C18101010080F03000000C0E00C
:108E50006060606060E06000000003000000E018F7
:108E60000700000000000000001F1F0000000000BD
:108E70000080C0602020202060C080000087EF2C90
:108E80001818303068CF830000070F08101010103A
:108E9000180F07000000C0C020202020C080000064
:108EA000001F3F604040402010FFFE0000000C1CEF
:108EB000101010080F030000000000000000000068
:108EC0000000000000000000000E0E0E0000000078
:108ED00000000000001C1C1C00000000000000003E
:108EE000000000000000000000000000000C0C006A
:108EF00000000000000000000058380000000000E2
:108F00000000000000000080402010000000102839
:108F10004482010000000000000000000000010287
:108F20000408100000000000000000000000000025
:108F30000084848484848484848484000000000009
:108F40000000000000000000000010204080000031
:108F50000000000000000000000001824428100012
:108F600000001008040201000000000000C02020E2
:108F70001010101030E0C0000003030000F01008D3
:108F80000C070300000000001C1C1C000000000077
:108F9000000000C0406020202040C00000FCFF0115
:108FA000F00E03C1FE03807F0001070E08111110AF
:108FB000110904020000000080E0E0000000000051
:108FC0000000807C4340477FF880000010181F108D
:108FD00000000000131F1C1020E0E0202020206073
:108FE000C080000000FFFF10101010182FE7800055
:108FF000101F1F1010101010180F0700000080C065
:10900000402020202060E00000FCFF010000000064
:10901000000001000001070E1810101008040300E2
:1090200020E0E02020202040C080000000FFFF0062
:109030000000000001FFFE00101F1F101010180894
:109040000E07010020E0E02020202020206080008A
:1090500000FFFF101010107C00000000101F1F10F8
:10906000101010101018060020E0E0202020202012
:109070006060800000FFFF101010107C00000100F5
:10908000101F1F100000000000000000000080C042
:109090006020202040E0000000FCFF010000404074
:1090A000C0C140400001070E181010100F0F000043
:1090B00020E0E0200000000020E0E02000FFFF10A2
:1090C0001010101010FFFF00101F1F1000000000F4
:1090D000101F1F100000202020E0E02020200000B2
:1090E0000000000000FFFF00000000000000101062
:1090F000101F1F101010000000000000202020E0B2
:10910000E020202000000000000000FFFF00000021
:109110000060E0808080C07F3F00000020E0E02011
:10912000000020A06020200000FFFF30187CE3C07A
:1091300000000000101F1F10000001131F1C18105A
:1091400020E0E020000000000000000000FFFF0021
:109150000000000000000000101F1F101010101071
:109160001018060020E0E0E000000000E0E0E02051
:1091700000FF013FFEC0E01E01FFFF00101F1000B6
:10918000031F0300101F1F1020E0E0C000000000BC
:109190000020E02000FF0003071C78E08000FF00B3
:1091A000101F100000000000030F1F00000080C00F
:1091B00060202060C080000000FEFF010000000071
:1091C00000FFFE000001070E181010180C07010028
:1091D00020E0E0202020202060C0800000FFFF2051
:1091E00020202020301F0F00101F1F100000000043
:1091F00000000000000080C060202060C0800000EF
:1092000000FEFF010000000000FFFE000001070E4D
:109210001111133C7C67210020E0E0202020202059
:1092200060C0800000FFFF101030F0D0080F070072
:10923000101F1F10000000030F1C10100080C060E2
:10924000202020204040E00000070F0C181830308C
:1092500060E08100001F0C0810101010180F0700AC
:109260008060202020E0E0202020608001000000BD
:1092700000FFFF000000000100000000101F1F1091
:109280000000000020E0E020000000000020E020BE
:1092900000FFFF00000000000000FF0000070F18A3
:1092A00010101010100807002060E0E020000000FF
:1092B00020E060200000077FF88000807C03000031
:1092C00000000000071F1C070000000020E0E02055
:1092D00000E0E0200020E0200007FFF8E01FFFFC96
:1092E000E01F00000000031F0300011F0300000037
:1092F000002060E0A0000020E060200000000003EB
:109300008F7CF8C6010000000010181E1300011722
:109310001F1810002060E0E02000000020E0602026
:10932000000001073EF8E0180700000000000010F0
:10933000101F1F101000000000806020202020A0BF
:10934000E0E0200000000000C0F03E0F030000003D
:1093500000101C1F1710101010180600000000004D
:1093600000FC0404040404000000000000FF0000EE
:109370000000000000000000007F4040404040002E
:10938000000010E0000000000000000000000000ED
:10939000031C6080000000000000000000000003CB
:1093A0000C70800000000404040404FC00000000B1
:1093B00000000000000000FF00000000000040402E
:1093C0004040407F0000000000000010080C040C2A
:1093D0000810000000000000000000000000000075
:1093E000000000000000000000000000000000007D
:1093F000000000000000000000000000000000006D
:10940000000000008080808080808080808080805C
:109410000000000404080800000000000000000034
:10942000000000000000000000000000000000003C
:10943000000000000000000000000000000000002C
:10944000000098D844642424FCF80000000F1F1882
:10945000101010081F1F10180020E0F0000000007E
:10946000000000000000FFFF180804040CF8F000E2
:1094700000001F0F18101010180F0300000000004C
:10948000000000000000000000E0F8180404043CA4
:109490003800000000030F0C101010100806000028
:1094A0000000000000000020E0F0000000E0F81CD8
:1094B00004040408FFFF000000030F181010100838
:1094C0001F0F080000000000000000000000000066
:1094D0000000E0F8484444444C7870000000030F5A
:1094E0000C181010100804000000000080C060205C
:1094F00020E0C00000040404FFFF04040404000092
:10950000000010101F1F10101000000000000000CD
:109510000000000000000000000070F88C04048CC3
:10952000F874040C007076CF8D8D8D89C87870002A
:109530000020E0F000000000000000000000FFFF3D
:1095400008040404FCF8000000101F1F10000010A5
:109550001F1F1000000000000060600000000000FD
:109560000000040404FCFC000000000000001010D7
:10957000101F1F101010000000000000000000600D
:109580006000000000000000040404FCFC00000077
:109590000000C0C08080C07F3F0000000020E0F0DD
:1095A00000000000000000000000FFFF80C0F41C6D
:1095B0000404000000101F1F1100031F1C101000E6
:1095C0000000202020E0F00000000000000000006B
:1095D00000FFFF000000000000001010101F1F100F
:1095E000101000000000000000000000000000005B
:1095F00004FCFC0804FCFC0804FCFC00101F1F1009
:10960000001F1F10001F1F100000000000000000BE
:10961000000000000004FCFC08080404FCF8000042
:1096200000101F1F100000101F1F1000000000007E
:10963000000000000000000000E0F0180C04040C22
:1096400018F0E00000030F0C101010100C0F0300B6
:109650000000000000000000000000000004FCFC0E
:10966000080404040CF8F0000080FFFF889010103C
:109670001C0F0300000000000000000000000000BC
:1096800000E0F81C04040408F8FC000000030F18B4
:1096900010109088FFFF8000000000000000000014
:1096A00000000000040404FCFC100804040C0C007E
:1096B0001010101F1F10101000000000000000000C
:1096C000000000000000000000003078CCC484845A
:1096D000840C1C0000001E1810101011190F060039
:1096E0000000000000C000000000000000040404AE
:1096F000FFFF040404000000000000000F1F101012
:10970000100C00000000000000000000000000003D
:109710000004FCFE00000004FCFE000000000F1F1F
:10972000181010081F0F08000000000000000000C3
:109730000000000000040C3CFCC40000C43C0C040D
:1097400000000000010F1E0E0100000000000000DC
:109750000000000000000000043CFCC400E47CFCAD
:1097600084807C040000071F070000071F0700001B
:109770000000000000000000000000000004041CC5
:109780007CE4C0341C0404000010101C1601131FDC
:109790001C18100000000000000000000000000085
:1097A00000040C3CFCC400C43C0404000000C08065
:1097B000C1370E01000000000000000000000000A2
:1097C0000000000000001C0404C4F47C1C04000021
:1097D0000000101C1F17111010180E0000000000D0
:1097E000000000F80C04000000000000001028EF4A
:1097F00000000000000000000000003F604000008A
:10980000000000000000FF00000000000000000059
:109810000000FF0000000000000000000000FF004A
:10982000000000000000040CF80000000000000030
:1098300000000000EF281000000000000000406061
:109840003F0000000000000000180602020408109B
:109850002020300800000000000000000000000090
:10986000000000000000000000000000180C0000D4
:10987000108B000800000000000000000000000045
:1098800000000080C040602030F0F0F8F858181850
:1098900018D8F8783030206040C080000000000008
:1098A00000000000000000000000000000000000B8
:1098B00000000000000000000000000000000000A8
:1098C0000000000000000000000000000000000098
:1098D0000000000000000000000000000000000088
:1098E0000000000000000000000000000000000078
:1098F0000000000000000000000000000000E07810
:109900000C060381EF3E1E0C06F7E3E3C3C1818121
:1099100081C3C3E3E6E4CC1C3FEF8703060C30E0D1
:10992000800000000000000000000000008080C0F7
:109930008000000000000000000000808000008027
:10994000E0F0F8B0C0C0C0800000000000000000DF
:1099500000000000E0E0E000000000000000000067
:1099600000C0C0C060F0F0E0F8F8B88080000000EF
:1099700000000000000000000000000010FF0100D7
:1099800000E0FE03FCFCF8F800FFFFFFFFFFFFFF15
:10999000FFFFFFFFFF0FF7F8F8FC03FFF8000000E0
:1099A000DFF800000000000000000000F0FFFFFFF3
:1099B0009B9898000000000000C0F0FB3B8380876C
:1099C000C7FFFFFFFFEFFFFC6060606000000070FA
:1099D000703038F8FFFF8F0C0C0C00000000000006
:1099E000F8FF1F0F0E079FFFFBFB9FC7C7C3800039
:1099F0000000000000000000000000001CFF70F0EC
:109A0000F0FFFF00FFFFFFFF80FFFFFFFFFFFFFFF3
:109A1000FFFFFFFFFF00FFFFFFFF00FFFFB0B0A051
:109A2000E1FF0000000000040E0E06070707070311
:109A30000303070707030000000F3F3F3E1F031FFC
:109A40003F3F393F7F7F3F1F000000000000203074
:109A5000381C0F07010103071E3C3C383030000062
:109A600000020606070333737F3F03010101010073
:109A7000000000000000000000000000001F7CFF4C
:109A8000FDF0E7BCF7DFBF7FFFFBF7FFFFFFFFFF46
:109A9000FFFFFFF7FFFE7FBFCFE3FCFFFB7BFD7502
:109AA0001F01000000000000F0F8F8F000F830E0BE
:109AB000C0E0F0F0E000E030E000E0B0F0E0F0F016
:109AC00030E000E0F0E0E0E0000000F8F080F84076
:109AD00000F030E000F00060C0E000E0F0E0404066
:109AE000F020E0F0E000E0E0F0F020E0C0600000F6
:109AF0000000000000000000000000000000000165
:109B000003070F1F3F3E7D73FE85FD89091B1BFB6D
:109B10009BF9B9FDFCF6CB797F371E0D06030100DA
:109B20000000000000000000010101000001000031
:109B30000001010101000100010003030301000015
:109B4000000100010101010100000000010101000C
:109B50000001000000010000010000000101000000
:109B600001000001010000000001000201000000EE
:109B7000000000008030000074980008E5AEA400EA
:109B8000100C2424A46425262424A42424140C00CA
:109B9000404048494949497F4949494B484040006C
:109BA000E6B8A9001060028C0000FE929292929298
:109BB000FE00000004047E01407E42427E427E425E
:109BC000427E4000E6B9BF001060028C00FE929217
:109BD00092929292FE00000004047E014448507F5D
:109BE00040407F5048444000E5BAA6000000FC24F5
:109BF0002424FC252624FC242424040040308F80C7
:109C0000844C55252525554C80808000E2848300B6
:109C10000018242418C0201008080810380000007C
:109C200000000000000F10204040404020100000C5
:109C3000101000007C9B000805000000088B000845
:109C4000010202030405060708090A0B0C0D0E0F9A
:109C50001010010202030405060708090A0B0C0D87
:109C60000E0F1010000000000000000001020304AD
:109C700006070809000000000102030404000008B0
:109C800000000000000000020001000010000000C1
:109C9000000000000000F03F000000000000F83F5E
:109CA00000000000000000000000004003B8E23F98
:109CB000000000000000000006D0CF43EBFD4C3E4A
:109CC000033333333333E33FFFAB6FDBB66DDB3F3F
:109CD0004D268F515555D53F01411DA96074D13F87
:109CE00065DBC9934A86CD3FEF4E454A287ECA3F81
:109CF0003E5555555555C53F93BDBE166CC166BF03
:109D00002CDE25AF6A56113FF16BD2C541BDBBBEFB
:109D1000D0A4BE726937663E00000000000000005B
:109D20003031323334353637383941424344454691
:109D3000403058003031323334353637383961628B
:109D400063646566403078004C5555555555A53FC0
:109D50007751C1166CC156BF9015CB19A001FA3EC0
:109D6000AD529C804F7E92BEC4B1B4BD9EEE213EEA
:109D7000D43888BEE9FAA8BD000000000000000049
:109D800000004054FB21F93F3163621A61B4D03DB9
:109D90000000601A61B4D03D7370032E8A19A33B92
:109DA0000000002E8A19A33BC14920259A837B39E4
:109DB00000000000000000006E83F9A22915444E47
:109DC000D15727FCC0DD34F5999562DB4190433CC7
:109DD000AB6351FE61C5BBDE3A6E24B7E0D24D42A3
:109DE000EA2E49061C92D1091CEB1DFE3EA729B1A3
:109DF000F53582E88444BB2E26709CE9417E5FB431
:109E000039D69139F43953838B5F849C3B28F9BD53
:109E1000FF97F81F0F9805DE8B112FEF1F6D0A5A61
:109E2000CF7E366DB709CB27663F464F2DEA5F9E42
:109E3000C7BA27757BF1E5EBF739073DEA92528AFD
:109E4000B15FFB6B085D8D1FA6F810111111813FEA
:109E5000D561C119A0012ABF7DFEB157E31DC73EE0
:109E6000EB9C2B8AE6E55ABE7CD5CF5A3AD9E53D24
:109E70003031323334353637383961626364656680
:109E80007870003031323334353637383941424317
:109E9000444546585000000002400000000000A069
:109EA0000000000005400000000000C800000000A5
:109EB0000C4000000000409C000000001940000021
:109EC0000020BCBE0000000034400000BFC91B8E53
:109ED00000000004B5400000504BCFD06607E2CF31
:109EE000010000006C4100003E8251AADFEEA73461
:109EF00001000000D9420000DCB5A0E23A301F9713
:109F0000FFFFFFFFB4450000FD25A0C8E9A3C14F36
:109F1000FFFFFFFFFF3F0000000000800000000087
:109F2000FF3F0000000000800000000078A0000853
:109F3000000000205000000028010008C8A0000810
:109F400050000020781A0000440100081C000000A6
:109F500043000000F8FFFFFF0C0000000E000000AF
:109F60000F0000002E000000100100004300000060
:109F7000F8FFFFFF0040404040404040404041412A
:109F800041414140404040404040404040404040CE
:109F90004040404040050202020202020202020268
:109FA0000202020202202020202020202020200265
:109FB00002020202020290909090909010101010F5
:109FC0001010101010101010101010101010101091
:109FD0000202020202028888888888880808080825
:109FE00008080808080808080808080808080808F1
:109FF0000202020240000000000000000000000019
:10A000000000000000000000000000000000000050
:10A010000000000000000000000000000000000040
:10A020000000000000000000000000000000000030
:10A030000000000000000000000000000000000020
:10A040000000000000000000000000000000000010
:10A050000000000000000000000000000000000000
:10A0600000000000000000000000000000000000F0
:10A0700000000000000000000000000001000002DD
:10A080000000000000002045000080416666A241FB
:10A0900066661EC100008040000000000000000055
:10A0A00000000000000000000000000000000000B0
:10A0B000000000000000000001000000100000008F
:08A0C0000000000000127A000C
:04000005080000ED02
:00000001FF
